phase,split,method,episodes,success_rate,success_ci95,energy_mean,energy_ci95,energy_regret_mean,energy_regret_ci95,final_distance_mean,final_distance_ci95,normalized_progress_mean,normalized_progress_ci95,failure_rate,failure_ci95,normal_impulse_mean,token_uncertainty_mean,robust_anchor_weight_mean
early,actuation_noise,cefv_v4,56,0.303571,0.121519,0.186779,0.015873,0.073752,0.015017,0.122930,0.017236,0.677208,0.045249,0.000000,0.000000,0.481135,0.016399,0.000000
early,actuation_noise,continuous_force_regression,56,0.285714,0.119392,0.183588,0.020735,0.070561,0.017465,0.127848,0.020048,0.668352,0.048056,0.000000,0.000000,0.443237,0.000000,0.000000
early,actuation_noise,cvar_domain_randomized_mpc,56,0.464286,0.131806,0.153775,0.013626,0.040748,0.010661,0.091256,0.015296,0.765218,0.036822,0.000000,0.000000,0.433681,0.000000,0.000000
early,actuation_noise,geometry_mpc,56,0.000000,0.000000,0.384855,0.042762,0.271828,0.039683,0.302208,0.027467,0.212009,0.065988,0.089286,0.075363,0.638869,0.000000,0.000000
early,actuation_noise,oracle_embodiment_mpc,56,0.678571,0.123428,0.113027,0.009591,0.000000,0.000000,0.062918,0.008753,0.835089,0.023263,0.000000,0.000000,0.457657,0.000000,0.000000
early,actuation_noise,random_shooting,56,0.017857,0.035000,0.351677,0.040929,0.238651,0.038758,0.275250,0.034964,0.277324,0.090629,0.035714,0.049045,0.494171,0.000000,0.000000
early,actuation_noise,raw_force_scalar,56,0.089286,0.075363,0.287542,0.040081,0.174515,0.038343,0.208777,0.030831,0.460194,0.073116,0.053571,0.059509,0.427419,0.000000,0.000000
early,actuation_noise,rc_fev_no_online,56,0.482143,0.132059,0.149632,0.013349,0.036605,0.009559,0.089968,0.015474,0.766892,0.038495,0.000000,0.000000,0.430006,0.108390,0.537638
early,actuation_noise,rc_fev_v5,56,0.482143,0.132059,0.149632,0.013349,0.036605,0.009559,0.089968,0.015474,0.766892,0.038495,0.000000,0.000000,0.430006,0.110222,0.514809
early,actuation_noise,robust_domain_randomized_mpc,56,0.446429,0.131383,0.153778,0.013466,0.040751,0.009868,0.096467,0.015970,0.751256,0.039073,0.000000,0.000000,0.431693,0.000000,0.000000
early,actuation_noise,source_action_transfer,56,0.375000,0.127947,0.162508,0.012059,0.049482,0.013347,0.089853,0.011373,0.765257,0.029974,0.000000,0.000000,0.428554,0.000000,0.000000
early,combined_shift,cefv_v4,56,0.285714,0.119392,0.184518,0.019256,0.079021,0.017245,0.120786,0.016574,0.699756,0.040585,0.017857,0.035000,0.886579,0.014668,0.000000
early,combined_shift,continuous_force_regression,56,0.267857,0.117037,0.182070,0.021461,0.076574,0.017281,0.118851,0.019204,0.702630,0.048929,0.000000,0.000000,0.936485,0.000000,0.000000
early,combined_shift,cvar_domain_randomized_mpc,56,0.392857,0.129074,0.183243,0.021561,0.077746,0.018937,0.114109,0.020037,0.719308,0.047603,0.000000,0.000000,0.875136,0.000000,0.000000
early,combined_shift,geometry_mpc,56,0.017857,0.035000,0.347315,0.036532,0.241818,0.029725,0.268696,0.027318,0.323662,0.068965,0.035714,0.049045,1.429767,0.000000,0.000000
early,combined_shift,oracle_embodiment_mpc,56,0.642857,0.126635,0.105497,0.010882,0.000000,0.000000,0.063609,0.011526,0.839092,0.028906,0.000000,0.000000,1.030903,0.000000,0.000000
early,combined_shift,random_shooting,56,0.107143,0.081742,0.326313,0.043248,0.220816,0.038883,0.257540,0.039657,0.353086,0.100410,0.017857,0.035000,1.016512,0.000000,0.000000
early,combined_shift,raw_force_scalar,56,0.125000,0.087404,0.251876,0.037919,0.146379,0.033028,0.170176,0.029385,0.581638,0.067307,0.071429,0.068064,0.831814,0.000000,0.000000
early,combined_shift,rc_fev_no_online,56,0.375000,0.127947,0.179957,0.021439,0.074460,0.018772,0.112414,0.019486,0.722595,0.046323,0.000000,0.000000,0.869148,0.107543,0.536333
early,combined_shift,rc_fev_v5,56,0.357143,0.126635,0.180200,0.021418,0.074703,0.018712,0.113723,0.019411,0.718625,0.046418,0.000000,0.000000,0.870728,0.109482,0.513663
early,combined_shift,robust_domain_randomized_mpc,56,0.375000,0.127947,0.181328,0.021309,0.075831,0.018567,0.111270,0.019489,0.726091,0.046109,0.000000,0.000000,0.870151,0.000000,0.000000
early,combined_shift,source_action_transfer,56,0.339286,0.125131,0.190192,0.017169,0.084696,0.018087,0.112824,0.017105,0.722018,0.039312,0.000000,0.000000,0.857359,0.000000,0.000000
early,heavy_object,cefv_v4,56,0.428571,0.130788,0.147844,0.011614,0.040462,0.010215,0.088738,0.013128,0.753236,0.036890,0.000000,0.000000,0.989053,0.017484,0.000000
early,heavy_object,continuous_force_regression,56,0.321429,0.123428,0.146790,0.012693,0.039408,0.010611,0.095880,0.011564,0.737793,0.029795,0.000000,0.000000,0.995404,0.000000,0.000000
early,heavy_object,cvar_domain_randomized_mpc,56,0.482143,0.132059,0.135581,0.009712,0.028199,0.007628,0.079415,0.012416,0.783159,0.032906,0.000000,0.000000,0.975618,0.000000,0.000000
early,heavy_object,geometry_mpc,56,0.000000,0.000000,0.343094,0.023902,0.235712,0.020436,0.277099,0.020794,0.237360,0.047270,0.000000,0.000000,1.374395,0.000000,0.000000
early,heavy_object,oracle_embodiment_mpc,56,0.821429,0.101220,0.107382,0.007068,0.000000,0.000000,0.046936,0.009050,0.871169,0.023787,0.000000,0.000000,1.027316,0.000000,0.000000
early,heavy_object,random_shooting,56,0.053571,0.059509,0.333484,0.040443,0.226102,0.038820,0.262317,0.036410,0.269513,0.099834,0.017857,0.035000,1.083623,0.000000,0.000000
early,heavy_object,raw_force_scalar,56,0.071429,0.068064,0.245685,0.024297,0.138303,0.023237,0.175067,0.022634,0.514705,0.060627,0.000000,0.000000,0.901141,0.000000,0.000000
early,heavy_object,rc_fev_no_online,56,0.517857,0.132059,0.134313,0.009374,0.026931,0.006993,0.076958,0.012605,0.790945,0.033002,0.000000,0.000000,0.984434,0.103798,0.532225
early,heavy_object,rc_fev_v5,56,0.517857,0.132059,0.134313,0.009374,0.026931,0.006993,0.076958,0.012605,0.790945,0.033002,0.000000,0.000000,0.984434,0.104852,0.508482
early,heavy_object,robust_domain_randomized_mpc,56,0.517857,0.132059,0.134313,0.009374,0.026931,0.006993,0.076958,0.012605,0.790945,0.033002,0.000000,0.000000,0.984434,0.000000,0.000000
early,heavy_object,source_action_transfer,56,0.553571,0.131383,0.146226,0.010396,0.038845,0.009475,0.075480,0.015446,0.794786,0.040856,0.000000,0.000000,0.956226,0.000000,0.000000
early,heldout_high_gain,cefv_v4,56,0.267857,0.117037,0.172673,0.013664,0.040435,0.011879,0.114985,0.016951,0.692760,0.043955,0.000000,0.000000,0.540917,0.012518,0.000000
early,heldout_high_gain,continuous_force_regression,56,0.178571,0.101220,0.188499,0.016893,0.056260,0.013842,0.138390,0.017325,0.626775,0.044806,0.017857,0.035000,0.551766,0.000000,0.000000
early,heldout_high_gain,cvar_domain_randomized_mpc,56,0.267857,0.117037,0.168716,0.014206,0.036477,0.010587,0.118716,0.015780,0.685214,0.038936,0.017857,0.035000,0.580264,0.000000,0.000000
early,heldout_high_gain,geometry_mpc,56,0.000000,0.000000,0.461369,0.031649,0.329131,0.028369,0.370419,0.016688,0.008508,0.026600,0.089286,0.075363,0.684865,0.000000,0.000000
early,heldout_high_gain,oracle_embodiment_mpc,56,0.500000,0.132143,0.132238,0.009040,0.000000,0.000000,0.071824,0.009178,0.806232,0.025932,0.000000,0.000000,0.504387,0.000000,0.000000
early,heldout_high_gain,random_shooting,56,0.000000,0.000000,0.408613,0.053224,0.276375,0.050494,0.327813,0.038506,0.111945,0.101162,0.089286,0.075363,0.532043,0.000000,0.000000
early,heldout_high_gain,raw_force_scalar,56,0.000000,0.000000,0.330856,0.034454,0.198617,0.034554,0.263911,0.027022,0.290534,0.068055,0.035714,0.049045,0.518098,0.000000,0.000000
early,heldout_high_gain,rc_fev_no_online,56,0.303571,0.121519,0.166452,0.014359,0.034214,0.010609,0.114325,0.016767,0.697889,0.041559,0.017857,0.035000,0.574010,0.105403,0.534068
early,heldout_high_gain,rc_fev_v5,56,0.303571,0.121519,0.166658,0.014460,0.034420,0.010676,0.113978,0.016582,0.698704,0.041193,0.017857,0.035000,0.570915,0.106597,0.510503
early,heldout_high_gain,robust_domain_randomized_mpc,56,0.303571,0.121519,0.169694,0.014478,0.037455,0.010849,0.115968,0.017112,0.693889,0.042214,0.017857,0.035000,0.583248,0.000000,0.000000
early,heldout_high_gain,source_action_transfer,56,0.428571,0.130788,0.183452,0.014635,0.051213,0.013032,0.110621,0.019254,0.708500,0.048176,0.000000,0.000000,0.498660,0.000000,0.000000
early,heldout_large_soft,cefv_v4,56,0.500000,0.132143,0.142069,0.014425,0.048819,0.012611,0.085766,0.013959,0.751082,0.042040,0.000000,0.000000,0.385728,0.015818,0.000000
early,heldout_large_soft,continuous_force_regression,56,0.553571,0.131383,0.123858,0.011369,0.030608,0.009924,0.075842,0.010806,0.779727,0.031420,0.000000,0.000000,0.387490,0.000000,0.000000
early,heldout_large_soft,cvar_domain_randomized_mpc,56,0.750000,0.114439,0.115751,0.008386,0.022500,0.006593,0.055055,0.008411,0.839632,0.026929,0.000000,0.000000,0.386510,0.000000,0.000000
early,heldout_large_soft,geometry_mpc,56,0.000000,0.000000,0.249578,0.010969,0.156328,0.009058,0.196416,0.007472,0.440735,0.015304,0.000000,0.000000,0.519810,0.000000,0.000000
early,heldout_large_soft,oracle_embodiment_mpc,56,0.946429,0.059509,0.093250,0.007152,0.000000,0.000000,0.045753,0.006563,0.871403,0.018152,0.000000,0.000000,0.412082,0.000000,0.000000
early,heldout_large_soft,random_shooting,56,0.017857,0.035000,0.289352,0.028254,0.196102,0.028177,0.229308,0.027327,0.351151,0.070469,0.000000,0.000000,0.455393,0.000000,0.000000
early,heldout_large_soft,raw_force_scalar,56,0.107143,0.081742,0.205577,0.022128,0.112326,0.019417,0.148413,0.019308,0.573106,0.053890,0.000000,0.000000,0.345070,0.000000,0.000000
early,heldout_large_soft,rc_fev_no_online,56,0.839286,0.097064,0.113072,0.008022,0.019822,0.006038,0.048924,0.008761,0.861787,0.024355,0.000000,0.000000,0.392075,0.105126,0.533712
early,heldout_large_soft,rc_fev_v5,56,0.839286,0.097064,0.113072,0.008022,0.019822,0.006038,0.048924,0.008761,0.861787,0.024355,0.000000,0.000000,0.392075,0.108128,0.512214
early,heldout_large_soft,robust_domain_randomized_mpc,56,0.767857,0.111582,0.114670,0.008045,0.021419,0.006003,0.052609,0.009316,0.851833,0.025411,0.000000,0.000000,0.397666,0.000000,0.000000
early,heldout_large_soft,source_action_transfer,56,0.553571,0.131383,0.124092,0.007260,0.030841,0.006726,0.070383,0.011313,0.798082,0.032967,0.000000,0.000000,0.393506,0.000000,0.000000
early,heldout_small_radius,cefv_v4,56,0.517857,0.132059,0.157920,0.016887,0.061664,0.016905,0.084493,0.012990,0.757244,0.038267,0.035714,0.049045,0.294313,0.017706,0.000000
early,heldout_small_radius,continuous_force_regression,56,0.500000,0.132143,0.149599,0.011367,0.053343,0.011047,0.082485,0.011138,0.766834,0.029798,0.000000,0.000000,0.295144,0.000000,0.000000
early,heldout_small_radius,cvar_domain_randomized_mpc,56,0.696429,0.121519,0.134045,0.013292,0.037789,0.013728,0.064082,0.009499,0.819815,0.024794,0.017857,0.035000,0.275470,0.000000,0.000000
early,heldout_small_radius,geometry_mpc,56,0.000000,0.000000,0.295767,0.013901,0.199511,0.012221,0.244877,0.010944,0.301124,0.021082,0.000000,0.000000,0.458855,0.000000,0.000000
early,heldout_small_radius,oracle_embodiment_mpc,56,0.910714,0.075363,0.096256,0.006614,0.000000,0.000000,0.043191,0.006675,0.877905,0.018703,0.000000,0.000000,0.313242,0.000000,0.000000
early,heldout_small_radius,random_shooting,56,0.071429,0.068064,0.312273,0.038343,0.216017,0.038883,0.239695,0.035745,0.324126,0.093471,0.035714,0.049045,0.375012,0.000000,0.000000
early,heldout_small_radius,raw_force_scalar,56,0.178571,0.101220,0.215329,0.022993,0.119073,0.022439,0.138243,0.017647,0.604410,0.048678,0.035714,0.049045,0.311346,0.000000,0.000000
early,heldout_small_radius,rc_fev_no_online,56,0.714286,0.119392,0.136082,0.013005,0.039826,0.013598,0.061406,0.009311,0.830084,0.022477,0.017857,0.035000,0.273818,0.103667,0.532178
early,heldout_small_radius,rc_fev_v5,56,0.714286,0.119392,0.135617,0.013087,0.039361,0.013555,0.061191,0.009338,0.830657,0.022568,0.017857,0.035000,0.273004,0.104775,0.508484
early,heldout_small_radius,robust_domain_randomized_mpc,56,0.714286,0.119392,0.129932,0.007534,0.033676,0.007331,0.060657,0.008786,0.831756,0.021526,0.000000,0.000000,0.277402,0.000000,0.000000
early,heldout_small_radius,source_action_transfer,56,0.785714,0.108444,0.125179,0.007667,0.028923,0.008372,0.051309,0.008675,0.854400,0.024852,0.000000,0.000000,0.293211,0.000000,0.000000
early,heldout_weak_actuator,cefv_v4,56,0.660714,0.125131,0.141685,0.011380,0.046520,0.010971,0.071517,0.010470,0.804182,0.028010,0.000000,0.000000,0.342975,0.015819,0.000000
early,heldout_weak_actuator,continuous_force_regression,56,0.375000,0.127947,0.133710,0.013494,0.038545,0.011293,0.080086,0.008648,0.780789,0.022846,0.000000,0.000000,0.323262,0.000000,0.000000
early,heldout_weak_actuator,cvar_domain_randomized_mpc,56,0.607143,0.129074,0.129848,0.011306,0.034684,0.010651,0.064137,0.007713,0.822413,0.021369,0.000000,0.000000,0.309889,0.000000,0.000000
early,heldout_weak_actuator,geometry_mpc,56,0.000000,0.000000,0.233230,0.009159,0.138066,0.009544,0.179985,0.006291,0.506353,0.013981,0.000000,0.000000,0.440813,0.000000,0.000000
early,heldout_weak_actuator,oracle_embodiment_mpc,56,0.714286,0.119392,0.095165,0.005894,0.000000,0.000000,0.056762,0.006784,0.840020,0.020833,0.000000,0.000000,0.336812,0.000000,0.000000
early,heldout_weak_actuator,random_shooting,56,0.089286,0.075363,0.293637,0.030368,0.198472,0.031159,0.226112,0.031211,0.379846,0.082110,0.000000,0.000000,0.388710,0.000000,0.000000
early,heldout_weak_actuator,raw_force_scalar,56,0.035714,0.049045,0.220884,0.018607,0.125719,0.018680,0.150830,0.015990,0.587634,0.041356,0.017857,0.035000,0.332027,0.000000,0.000000
early,heldout_weak_actuator,rc_fev_no_online,56,0.589286,0.130019,0.132931,0.011503,0.037766,0.010577,0.067116,0.008332,0.815876,0.021864,0.000000,0.000000,0.303872,0.103399,0.531783
early,heldout_weak_actuator,rc_fev_v5,56,0.589286,0.130019,0.132113,0.011214,0.036948,0.010406,0.068094,0.008397,0.813423,0.021864,0.000000,0.000000,0.307278,0.105777,0.509605
early,heldout_weak_actuator,robust_domain_randomized_mpc,56,0.625000,0.127947,0.129971,0.010055,0.034806,0.009649,0.066158,0.008065,0.818051,0.021454,0.000000,0.000000,0.303575,0.000000,0.000000
early,heldout_weak_actuator,source_action_transfer,56,0.571429,0.130788,0.143708,0.010961,0.048543,0.010580,0.071682,0.009106,0.804822,0.023354,0.000000,0.000000,0.325637,0.000000,0.000000
early,high_friction,cefv_v4,56,0.535714,0.131806,0.137704,0.009633,0.048079,0.009441,0.074396,0.009831,0.790699,0.029336,0.000000,0.000000,0.800434,0.017263,0.000000
early,high_friction,continuous_force_regression,56,0.428571,0.130788,0.134621,0.012806,0.044996,0.012192,0.080871,0.008777,0.773809,0.023847,0.000000,0.000000,0.718067,0.000000,0.000000
early,high_friction,cvar_domain_randomized_mpc,56,0.714286,0.119392,0.126907,0.009543,0.037282,0.008892,0.063217,0.007575,0.822031,0.021148,0.000000,0.000000,0.767015,0.000000,0.000000
early,high_friction,geometry_mpc,56,0.000000,0.000000,0.247657,0.016301,0.158033,0.015604,0.189926,0.013566,0.471153,0.030531,0.000000,0.000000,1.154165,0.000000,0.000000
early,high_friction,oracle_embodiment_mpc,56,0.857143,0.092481,0.089625,0.006634,0.000000,0.000000,0.052187,0.005765,0.851799,0.017114,0.000000,0.000000,0.878691,0.000000,0.000000
early,high_friction,random_shooting,56,0.089286,0.075363,0.301686,0.032554,0.212061,0.032958,0.241137,0.030287,0.328912,0.080690,0.000000,0.000000,1.125460,0.000000,0.000000
early,high_friction,raw_force_scalar,56,0.142857,0.092481,0.211806,0.025169,0.122181,0.025110,0.148495,0.021678,0.581435,0.058728,0.000000,0.000000,0.657395,0.000000,0.000000
early,high_friction,rc_fev_no_online,56,0.732143,0.117037,0.125093,0.009588,0.035468,0.008895,0.062251,0.007692,0.825627,0.021094,0.000000,0.000000,0.761756,0.103823,0.532292
early,high_friction,rc_fev_v5,56,0.732143,0.117037,0.125093,0.009588,0.035468,0.008895,0.062251,0.007692,0.825627,0.021094,0.000000,0.000000,0.761756,0.105767,0.509581
early,high_friction,robust_domain_randomized_mpc,56,0.732143,0.117037,0.124503,0.009520,0.034879,0.008791,0.061976,0.007713,0.826305,0.021188,0.000000,0.000000,0.759890,0.000000,0.000000
early,high_friction,source_action_transfer,56,0.678571,0.123428,0.138740,0.011889,0.049116,0.011352,0.064118,0.009310,0.824111,0.022335,0.000000,0.000000,0.779411,0.000000,0.000000
early,low_friction,cefv_v4,56,0.535714,0.131806,0.150996,0.010754,0.039227,0.010185,0.076075,0.011679,0.785420,0.032844,0.000000,0.000000,0.205762,0.016267,0.000000
early,low_friction,continuous_force_regression,56,0.339286,0.125131,0.168716,0.016055,0.056947,0.016570,0.099698,0.014337,0.717971,0.037868,0.035714,0.049045,0.192405,0.000000,0.000000
early,low_friction,cvar_domain_randomized_mpc,56,0.553571,0.131383,0.141477,0.009298,0.029707,0.010923,0.071656,0.012324,0.798780,0.033770,0.017857,0.035000,0.188339,0.000000,0.000000
early,low_friction,geometry_mpc,56,0.000000,0.000000,0.322400,0.018330,0.210631,0.017255,0.264369,0.014877,0.251330,0.039106,0.000000,0.000000,0.279889,0.000000,0.000000
early,low_friction,oracle_embodiment_mpc,56,0.732143,0.117037,0.111769,0.007129,0.000000,0.000000,0.053298,0.008469,0.845555,0.027455,0.000000,0.000000,0.179688,0.000000,0.000000
early,low_friction,random_shooting,56,0.017857,0.035000,0.336223,0.034146,0.224454,0.034324,0.265987,0.030860,0.240422,0.090443,0.017857,0.035000,0.241709,0.000000,0.000000
early,low_friction,raw_force_scalar,56,0.000000,0.000000,0.259627,0.024525,0.147858,0.023761,0.185923,0.020238,0.476152,0.053252,0.035714,0.049045,0.211638,0.000000,0.000000
early,low_friction,rc_fev_no_online,56,0.553571,0.131383,0.143606,0.009593,0.031837,0.011282,0.073087,0.012402,0.795450,0.033536,0.017857,0.035000,0.185886,0.103063,0.531313
early,low_friction,rc_fev_v5,56,0.553571,0.131383,0.143606,0.009593,0.031837,0.011282,0.073087,0.012402,0.795450,0.033536,0.017857,0.035000,0.185886,0.104017,0.507438
early,low_friction,robust_domain_randomized_mpc,56,0.535714,0.131806,0.144484,0.009697,0.032715,0.011104,0.075569,0.013026,0.788696,0.035024,0.017857,0.035000,0.186400,0.000000,0.000000
early,low_friction,source_action_transfer,56,0.714286,0.119392,0.141355,0.008767,0.029585,0.008659,0.062039,0.012320,0.823772,0.033347,0.000000,0.000000,0.199287,0.000000,0.000000
early,nominal,cefv_v4,56,0.535714,0.131806,0.142712,0.016016,0.046575,0.015668,0.078575,0.012865,0.765632,0.038315,0.035714,0.049045,0.286107,0.021128,0.000000
early,nominal,continuous_force_regression,56,0.482143,0.132059,0.128444,0.013776,0.032307,0.010121,0.080686,0.011503,0.759232,0.034320,0.000000,0.000000,0.300103,0.000000,0.000000
early,nominal,cvar_domain_randomized_mpc,56,0.660714,0.125131,0.113618,0.010735,0.017481,0.008459,0.061708,0.009057,0.815033,0.028365,0.017857,0.035000,0.303663,0.000000,0.000000
early,nominal,geometry_mpc,56,0.000000,0.000000,0.277958,0.013209,0.181821,0.013087,0.227096,0.011735,0.333507,0.020136,0.000000,0.000000,0.480526,0.000000,0.000000
early,nominal,oracle_embodiment_mpc,56,0.892857,0.081742,0.096137,0.006788,0.000000,0.000000,0.038820,0.007320,0.887853,0.019935,0.000000,0.000000,0.339853,0.000000,0.000000
early,nominal,random_shooting,56,0.142857,0.092481,0.276902,0.030119,0.180765,0.030053,0.215738,0.030278,0.369284,0.083634,0.000000,0.000000,0.362977,0.000000,0.000000
early,nominal,raw_force_scalar,56,0.178571,0.101220,0.209061,0.024417,0.112924,0.022835,0.136621,0.017415,0.587521,0.053175,0.053571,0.059509,0.306094,0.000000,0.000000
early,nominal,rc_fev_no_online,56,0.696429,0.121519,0.114386,0.010660,0.018249,0.008440,0.059131,0.009135,0.824728,0.027784,0.017857,0.035000,0.294927,0.102681,0.530993
early,nominal,rc_fev_v5,56,0.678571,0.123428,0.113996,0.010677,0.017859,0.008463,0.059715,0.009178,0.823075,0.027864,0.017857,0.035000,0.292291,0.105591,0.509429
early,nominal,robust_domain_randomized_mpc,56,0.696429,0.121519,0.113301,0.010716,0.017164,0.008391,0.057898,0.009239,0.831356,0.026259,0.017857,0.035000,0.301265,0.000000,0.000000
early,nominal,source_action_transfer,56,0.750000,0.114439,0.114901,0.007592,0.018764,0.004947,0.052017,0.010514,0.843200,0.032613,0.000000,0.000000,0.328195,0.000000,0.000000
late,actuation_noise,cefv_v4,48,0.333333,0.134772,0.179284,0.020439,0.065385,0.019263,0.112024,0.018841,0.706165,0.049248,0.020833,0.040833,0.465446,0.013120,0.000000
late,actuation_noise,continuous_force_regression,48,0.270833,0.127049,0.198918,0.024549,0.085019,0.022736,0.131418,0.024173,0.650440,0.065927,0.000000,0.000000,0.534165,0.000000,0.000000
late,actuation_noise,cvar_domain_randomized_mpc,48,0.437500,0.141827,0.162519,0.018867,0.048620,0.016975,0.093221,0.018055,0.752085,0.048839,0.020833,0.040833,0.506780,0.000000,0.000000
late,actuation_noise,geometry_mpc,48,0.000000,0.000000,0.393954,0.043037,0.280055,0.040320,0.311994,0.028997,0.179694,0.073426,0.083333,0.079017,0.692657,0.000000,0.000000
late,actuation_noise,oracle_embodiment_mpc,48,0.729167,0.127049,0.113899,0.009499,0.000000,0.000000,0.054492,0.010019,0.855323,0.026513,0.000000,0.000000,0.508867,0.000000,0.000000
late,actuation_noise,random_shooting,48,0.020833,0.040833,0.348412,0.049971,0.234513,0.048050,0.267649,0.041786,0.295656,0.113450,0.041667,0.057129,0.566484,0.000000,0.000000
late,actuation_noise,raw_force_scalar,48,0.000000,0.000000,0.309608,0.039869,0.195709,0.037397,0.225069,0.029728,0.409546,0.076994,0.083333,0.079017,0.485416,0.000000,0.000000
late,actuation_noise,rc_fev_no_online,48,0.458333,0.142450,0.159483,0.018923,0.045584,0.016522,0.090459,0.017440,0.761556,0.045127,0.020833,0.040833,0.516928,0.105830,0.534541
late,actuation_noise,rc_fev_v5,48,0.458333,0.142450,0.159483,0.018923,0.045584,0.016522,0.090459,0.017440,0.761556,0.045127,0.020833,0.040833,0.516928,0.109312,0.401167
late,actuation_noise,robust_domain_randomized_mpc,48,0.416667,0.140948,0.161708,0.019129,0.047809,0.017490,0.094059,0.018005,0.751580,0.046790,0.020833,0.040833,0.503642,0.000000,0.000000
late,actuation_noise,source_action_transfer,48,0.312500,0.132516,0.174973,0.015622,0.061074,0.016249,0.104044,0.017358,0.729926,0.045173,0.000000,0.000000,0.504035,0.000000,0.000000
late,combined_shift,cefv_v4,48,0.437500,0.141827,0.174648,0.022813,0.074527,0.021783,0.099064,0.017543,0.757913,0.041269,0.020833,0.040833,0.852886,0.013927,0.000000
late,combined_shift,continuous_force_regression,48,0.270833,0.127049,0.195454,0.026553,0.095333,0.024875,0.127894,0.023118,0.686840,0.053388,0.020833,0.040833,0.837408,0.000000,0.000000
late,combined_shift,cvar_domain_randomized_mpc,48,0.416667,0.140948,0.173162,0.024405,0.073041,0.022133,0.102823,0.020060,0.748885,0.046852,0.020833,0.040833,0.886271,0.000000,0.000000
late,combined_shift,geometry_mpc,48,0.000000,0.000000,0.342032,0.039013,0.241911,0.032586,0.263705,0.026787,0.351575,0.064619,0.041667,0.057129,1.372199,0.000000,0.000000
late,combined_shift,oracle_embodiment_mpc,48,0.750000,0.123796,0.100121,0.012485,0.000000,0.000000,0.057706,0.012758,0.855526,0.032398,0.000000,0.000000,1.005158,0.000000,0.000000
late,combined_shift,random_shooting,48,0.083333,0.079017,0.315342,0.043953,0.215221,0.039198,0.245065,0.036884,0.391751,0.096899,0.020833,0.040833,1.060454,0.000000,0.000000
late,combined_shift,raw_force_scalar,48,0.145833,0.100904,0.259104,0.048112,0.158983,0.043703,0.183938,0.036614,0.551387,0.085668,0.062500,0.069204,0.734768,0.000000,0.000000
late,combined_shift,rc_fev_no_online,48,0.395833,0.139811,0.175960,0.023233,0.075839,0.021323,0.104599,0.019859,0.744737,0.046480,0.020833,0.040833,0.870251,0.105715,0.534475
late,combined_shift,rc_fev_v5,48,0.416667,0.140948,0.177791,0.023396,0.077670,0.021632,0.103095,0.020013,0.748833,0.046700,0.020833,0.040833,0.872744,0.109510,0.401476
late,combined_shift,robust_domain_randomized_mpc,48,0.395833,0.139811,0.178262,0.022529,0.078141,0.020845,0.108294,0.019755,0.734676,0.046832,0.020833,0.040833,0.848182,0.000000,0.000000
late,combined_shift,source_action_transfer,48,0.354167,0.136732,0.186047,0.017978,0.085926,0.018722,0.110604,0.016991,0.732514,0.038176,0.000000,0.000000,0.808475,0.000000,0.000000
late,heavy_object,cefv_v4,48,0.395833,0.139811,0.142188,0.011429,0.036761,0.011854,0.091340,0.014655,0.741296,0.041207,0.000000,0.000000,0.861273,0.012036,0.000000
late,heavy_object,continuous_force_regression,48,0.354167,0.136732,0.142017,0.010947,0.036590,0.010424,0.086914,0.012239,0.751796,0.034439,0.000000,0.000000,0.930788,0.000000,0.000000
late,heavy_object,cvar_domain_randomized_mpc,48,0.562500,0.141827,0.129829,0.009596,0.024402,0.007682,0.071136,0.012743,0.799383,0.035507,0.000000,0.000000,0.850378,0.000000,0.000000
late,heavy_object,geometry_mpc,48,0.000000,0.000000,0.318651,0.023416,0.213224,0.023247,0.249712,0.020363,0.298165,0.049049,0.000000,0.000000,1.366796,0.000000,0.000000
late,heavy_object,oracle_embodiment_mpc,48,0.729167,0.127049,0.105427,0.008219,0.000000,0.000000,0.051399,0.009530,0.853534,0.027438,0.000000,0.000000,0.981325,0.000000,0.000000
late,heavy_object,random_shooting,48,0.041667,0.057129,0.340889,0.041548,0.235462,0.041900,0.270329,0.037365,0.235555,0.105277,0.020833,0.040833,1.172895,0.000000,0.000000
late,heavy_object,raw_force_scalar,48,0.083333,0.079017,0.212141,0.020398,0.106714,0.020282,0.148913,0.018138,0.581972,0.046125,0.000000,0.000000,0.881931,0.000000,0.000000
late,heavy_object,rc_fev_no_online,48,0.604167,0.139811,0.127981,0.009356,0.022554,0.007295,0.066949,0.012754,0.812223,0.034859,0.000000,0.000000,0.875663,0.104130,0.532537
late,heavy_object,rc_fev_v5,48,0.604167,0.139811,0.127716,0.009378,0.022289,0.007486,0.066683,0.012806,0.813418,0.034850,0.000000,0.000000,0.876747,0.105733,0.396981
late,heavy_object,robust_domain_randomized_mpc,48,0.604167,0.139811,0.128330,0.009513,0.022904,0.007456,0.067647,0.013171,0.811810,0.034933,0.000000,0.000000,0.887438,0.000000,0.000000
late,heavy_object,source_action_transfer,48,0.666667,0.134772,0.136903,0.009118,0.031476,0.010522,0.066031,0.012465,0.814645,0.033856,0.000000,0.000000,0.910367,0.000000,0.000000
late,heldout_high_gain,cefv_v4,48,0.291667,0.129948,0.174482,0.015727,0.050550,0.013089,0.110035,0.015145,0.692841,0.041452,0.020833,0.040833,0.517819,0.010014,0.000000
late,heldout_high_gain,continuous_force_regression,48,0.250000,0.123796,0.178599,0.018837,0.054667,0.015840,0.119315,0.015727,0.662175,0.045672,0.020833,0.040833,0.473265,0.000000,0.000000
late,heldout_high_gain,cvar_domain_randomized_mpc,48,0.354167,0.136732,0.163514,0.017036,0.039582,0.013323,0.105153,0.017266,0.707918,0.048077,0.062500,0.069204,0.491797,0.000000,0.000000
late,heldout_high_gain,geometry_mpc,48,0.000000,0.000000,0.428133,0.030429,0.304201,0.026008,0.349116,0.017792,0.026827,0.037352,0.062500,0.069204,0.676513,0.000000,0.000000
late,heldout_high_gain,oracle_embodiment_mpc,48,0.625000,0.138409,0.123932,0.010869,0.000000,0.000000,0.074960,0.011412,0.785421,0.033860,0.000000,0.000000,0.482813,0.000000,0.000000
late,heldout_high_gain,random_shooting,48,0.041667,0.057129,0.409855,0.062817,0.285923,0.059267,0.317630,0.051443,0.127860,0.134679,0.104167,0.087334,0.723195,0.000000,0.000000
late,heldout_high_gain,raw_force_scalar,48,0.041667,0.057129,0.288565,0.034333,0.164633,0.032291,0.222076,0.027627,0.381932,0.073841,0.041667,0.057129,0.505054,0.000000,0.000000
late,heldout_high_gain,rc_fev_no_online,48,0.354167,0.136732,0.165931,0.016817,0.041999,0.013349,0.102320,0.016495,0.719358,0.042896,0.062500,0.069204,0.477481,0.103001,0.531317
late,heldout_high_gain,rc_fev_v5,48,0.395833,0.139811,0.161688,0.016454,0.037756,0.012921,0.098338,0.016699,0.728977,0.043934,0.062500,0.069204,0.478271,0.107826,0.399546
late,heldout_high_gain,robust_domain_randomized_mpc,48,0.312500,0.132516,0.174146,0.017853,0.050214,0.015042,0.112362,0.017843,0.693123,0.045857,0.062500,0.069204,0.488324,0.000000,0.000000
late,heldout_high_gain,source_action_transfer,48,0.458333,0.142450,0.170521,0.014842,0.046589,0.012826,0.097598,0.018056,0.724442,0.050523,0.000000,0.000000,0.528652,0.000000,0.000000
late,heldout_large_soft,cefv_v4,48,0.625000,0.138409,0.130449,0.012985,0.041169,0.010957,0.072493,0.011648,0.790675,0.035351,0.000000,0.000000,0.350395,0.010194,0.000000
late,heldout_large_soft,continuous_force_regression,48,0.541667,0.142450,0.122275,0.013877,0.032996,0.011513,0.075193,0.010332,0.786409,0.029060,0.000000,0.000000,0.338057,0.000000,0.000000
late,heldout_large_soft,cvar_domain_randomized_mpc,48,0.791667,0.116107,0.110351,0.009963,0.021072,0.007466,0.053666,0.009701,0.848912,0.027974,0.000000,0.000000,0.363843,0.000000,0.000000
late,heldout_large_soft,geometry_mpc,48,0.000000,0.000000,0.254248,0.011510,0.164968,0.008519,0.201911,0.006667,0.425362,0.016024,0.000000,0.000000,0.476014,0.000000,0.000000
late,heldout_large_soft,oracle_embodiment_mpc,48,0.937500,0.069204,0.089279,0.008053,0.000000,0.000000,0.043786,0.007357,0.878549,0.019620,0.000000,0.000000,0.385559,0.000000,0.000000
late,heldout_large_soft,random_shooting,48,0.083333,0.079017,0.320141,0.036802,0.230861,0.035963,0.255590,0.035375,0.274980,0.097933,0.000000,0.000000,0.413358,0.000000,0.000000
late,heldout_large_soft,raw_force_scalar,48,0.062500,0.069204,0.201155,0.020444,0.111875,0.018050,0.141344,0.017140,0.601065,0.046044,0.000000,0.000000,0.328705,0.000000,0.000000
late,heldout_large_soft,rc_fev_no_online,48,0.791667,0.116107,0.110669,0.010083,0.021390,0.007291,0.053047,0.009662,0.851243,0.027325,0.000000,0.000000,0.365160,0.104781,0.533278
late,heldout_large_soft,rc_fev_v5,48,0.791667,0.116107,0.110945,0.009892,0.021666,0.007387,0.053336,0.009701,0.849698,0.028022,0.000000,0.000000,0.369405,0.107219,0.398659
late,heldout_large_soft,robust_domain_randomized_mpc,48,0.770833,0.120161,0.110809,0.009712,0.021529,0.007146,0.056019,0.010246,0.842927,0.028802,0.000000,0.000000,0.359671,0.000000,0.000000
late,heldout_large_soft,source_action_transfer,48,0.604167,0.139811,0.125444,0.007804,0.036164,0.007740,0.070681,0.013131,0.797723,0.037897,0.000000,0.000000,0.358013,0.000000,0.000000
late,heldout_small_radius,cefv_v4,48,0.562500,0.141827,0.151321,0.011674,0.054733,0.012557,0.076205,0.010543,0.785347,0.031488,0.000000,0.000000,0.302633,0.011859,0.000000
late,heldout_small_radius,continuous_force_regression,48,0.500000,0.142948,0.148390,0.010325,0.051802,0.010833,0.078592,0.013163,0.781677,0.037006,0.000000,0.000000,0.295734,0.000000,0.000000
late,heldout_small_radius,cvar_domain_randomized_mpc,48,0.750000,0.123796,0.133328,0.008045,0.036740,0.009957,0.063149,0.009164,0.825313,0.024415,0.000000,0.000000,0.294140,0.000000,0.000000
late,heldout_small_radius,geometry_mpc,48,0.000000,0.000000,0.318068,0.016283,0.221480,0.017529,0.257294,0.011479,0.284824,0.016781,0.000000,0.000000,0.496860,0.000000,0.000000
late,heldout_small_radius,oracle_embodiment_mpc,48,0.916667,0.079017,0.096588,0.006409,0.000000,0.000000,0.042454,0.006995,0.882379,0.020531,0.000000,0.000000,0.331544,0.000000,0.000000
late,heldout_small_radius,random_shooting,48,0.041667,0.057129,0.327024,0.045373,0.230437,0.046196,0.249672,0.042242,0.308394,0.109462,0.062500,0.069204,0.389527,0.000000,0.000000
late,heldout_small_radius,raw_force_scalar,48,0.083333,0.079017,0.231257,0.026772,0.134669,0.026124,0.149248,0.021178,0.574492,0.063336,0.062500,0.069204,0.293651,0.000000,0.000000
late,heldout_small_radius,rc_fev_no_online,48,0.750000,0.123796,0.131483,0.009509,0.034895,0.009867,0.063131,0.009319,0.825106,0.024815,0.000000,0.000000,0.297072,0.102514,0.530699
late,heldout_small_radius,rc_fev_v5,48,0.770833,0.120161,0.131236,0.009338,0.034648,0.009707,0.061600,0.009263,0.830717,0.023424,0.000000,0.000000,0.296199,0.105666,0.396971
late,heldout_small_radius,robust_domain_randomized_mpc,48,0.750000,0.123796,0.130340,0.009265,0.033752,0.009835,0.061850,0.009538,0.828321,0.025486,0.000000,0.000000,0.294030,0.000000,0.000000
late,heldout_small_radius,source_action_transfer,48,0.770833,0.120161,0.128117,0.008843,0.031529,0.008569,0.054123,0.009052,0.851380,0.024119,0.000000,0.000000,0.290374,0.000000,0.000000
late,heldout_weak_actuator,cefv_v4,48,0.562500,0.141827,0.137342,0.012587,0.040460,0.010162,0.078332,0.009937,0.786703,0.028586,0.000000,0.000000,0.378522,0.011219,0.000000
late,heldout_weak_actuator,continuous_force_regression,48,0.458333,0.142450,0.149414,0.017800,0.052532,0.016901,0.084620,0.010032,0.775380,0.024246,0.020833,0.040833,0.371214,0.000000,0.000000
late,heldout_weak_actuator,cvar_domain_randomized_mpc,48,0.687500,0.132516,0.134568,0.011876,0.037686,0.009750,0.065970,0.007587,0.821984,0.019734,0.000000,0.000000,0.351610,0.000000,0.000000
late,heldout_weak_actuator,geometry_mpc,48,0.000000,0.000000,0.227884,0.011414,0.131002,0.012056,0.173378,0.007366,0.533753,0.019405,0.000000,0.000000,0.516483,0.000000,0.000000
late,heldout_weak_actuator,oracle_embodiment_mpc,48,0.812500,0.111589,0.096882,0.006762,0.000000,0.000000,0.051070,0.007355,0.859388,0.022412,0.000000,0.000000,0.437710,0.000000,0.000000
late,heldout_weak_actuator,random_shooting,48,0.062500,0.069204,0.289173,0.036631,0.192291,0.035964,0.222745,0.034397,0.407425,0.086930,0.000000,0.000000,0.440193,0.000000,0.000000
late,heldout_weak_actuator,raw_force_scalar,48,0.145833,0.100904,0.217772,0.027775,0.120890,0.027349,0.149577,0.022386,0.602067,0.057702,0.020833,0.040833,0.353667,0.000000,0.000000
late,heldout_weak_actuator,rc_fev_no_online,48,0.645833,0.136732,0.131095,0.011808,0.034213,0.010342,0.069580,0.008929,0.812443,0.023083,0.000000,0.000000,0.355698,0.105388,0.534088
late,heldout_weak_actuator,rc_fev_v5,48,0.625000,0.138409,0.132684,0.012535,0.035802,0.011181,0.070870,0.009238,0.809341,0.023554,0.000000,0.000000,0.358924,0.109667,0.401550
late,heldout_weak_actuator,robust_domain_randomized_mpc,48,0.645833,0.136732,0.129922,0.011682,0.033040,0.010393,0.069812,0.008995,0.811815,0.023270,0.000000,0.000000,0.357470,0.000000,0.000000
late,heldout_weak_actuator,source_action_transfer,48,0.562500,0.141827,0.147904,0.012193,0.051022,0.011483,0.076642,0.007828,0.796846,0.019340,0.000000,0.000000,0.363471,0.000000,0.000000
late,high_friction,cefv_v4,48,0.437500,0.141827,0.151233,0.014980,0.060799,0.015534,0.082369,0.011097,0.778987,0.030230,0.000000,0.000000,0.888072,0.012171,0.000000
late,high_friction,continuous_force_regression,48,0.395833,0.139811,0.156519,0.016334,0.066085,0.016985,0.092907,0.011603,0.752222,0.029256,0.000000,0.000000,0.882200,0.000000,0.000000
late,high_friction,cvar_domain_randomized_mpc,48,0.604167,0.139811,0.127652,0.010016,0.037219,0.011337,0.063603,0.008883,0.826637,0.025150,0.000000,0.000000,0.927501,0.000000,0.000000
late,high_friction,geometry_mpc,48,0.000000,0.000000,0.262340,0.019825,0.171906,0.019744,0.200487,0.016094,0.459108,0.043211,0.000000,0.000000,1.340628,0.000000,0.000000
late,high_friction,oracle_embodiment_mpc,48,0.812500,0.111589,0.090434,0.006844,0.000000,0.000000,0.050552,0.007756,0.861389,0.023136,0.000000,0.000000,1.128988,0.000000,0.000000
late,high_friction,random_shooting,48,0.062500,0.069204,0.330727,0.042210,0.240293,0.041297,0.272152,0.038138,0.265042,0.104425,0.020833,0.040833,1.143556,0.000000,0.000000
late,high_friction,raw_force_scalar,48,0.083333,0.079017,0.229026,0.024221,0.138592,0.025018,0.161119,0.022105,0.564663,0.058615,0.000000,0.000000,0.873852,0.000000,0.000000
late,high_friction,rc_fev_no_online,48,0.604167,0.139811,0.130146,0.010296,0.039712,0.011717,0.063867,0.008973,0.826686,0.024398,0.000000,0.000000,0.901280,0.101711,0.529787
late,high_friction,rc_fev_v5,48,0.604167,0.139811,0.129392,0.009941,0.038958,0.011479,0.063085,0.009043,0.829376,0.024320,0.000000,0.000000,0.888423,0.103717,0.394717
late,high_friction,robust_domain_randomized_mpc,48,0.562500,0.141827,0.131658,0.011312,0.041224,0.012560,0.068473,0.009838,0.815458,0.025555,0.000000,0.000000,0.885369,0.000000,0.000000
late,high_friction,source_action_transfer,48,0.375000,0.138409,0.160419,0.015159,0.069985,0.017230,0.084108,0.010539,0.777566,0.024275,0.000000,0.000000,0.865627,0.000000,0.000000
late,low_friction,cefv_v4,48,0.416667,0.140948,0.152091,0.015797,0.036903,0.014610,0.078073,0.013074,0.774540,0.038130,0.041667,0.057129,0.205004,0.011148,0.000000
late,low_friction,continuous_force_regression,48,0.291667,0.129948,0.160461,0.014169,0.045273,0.013397,0.104196,0.015377,0.698833,0.041135,0.000000,0.000000,0.207657,0.000000,0.000000
late,low_friction,cvar_domain_randomized_mpc,48,0.520833,0.142824,0.132561,0.008907,0.017373,0.005926,0.072598,0.012843,0.793248,0.037003,0.000000,0.000000,0.197620,0.000000,0.000000
late,low_friction,geometry_mpc,48,0.000000,0.000000,0.317029,0.020278,0.201841,0.019306,0.260337,0.017648,0.252707,0.043370,0.000000,0.000000,0.302601,0.000000,0.000000
late,low_friction,oracle_embodiment_mpc,48,0.604167,0.139811,0.115188,0.006882,0.000000,0.000000,0.060575,0.010373,0.820893,0.034719,0.000000,0.000000,0.197503,0.000000,0.000000
late,low_friction,random_shooting,48,0.000000,0.000000,0.365347,0.045709,0.250159,0.045671,0.293404,0.037376,0.160683,0.099593,0.020833,0.040833,0.253929,0.000000,0.000000
late,low_friction,raw_force_scalar,48,0.041667,0.057129,0.240574,0.022606,0.125386,0.021900,0.176444,0.020681,0.492316,0.057379,0.020833,0.040833,0.225477,0.000000,0.000000
late,low_friction,rc_fev_no_online,48,0.520833,0.142824,0.132914,0.009015,0.017726,0.005898,0.071754,0.012897,0.797554,0.036314,0.000000,0.000000,0.197351,0.100782,0.528657
late,low_friction,rc_fev_v5,48,0.541667,0.142450,0.132486,0.008977,0.017298,0.005940,0.070641,0.012869,0.800489,0.036332,0.000000,0.000000,0.197432,0.103201,0.393994
late,low_friction,robust_domain_randomized_mpc,48,0.520833,0.142824,0.134172,0.010193,0.018984,0.006686,0.073894,0.013882,0.792325,0.038137,0.000000,0.000000,0.199651,0.000000,0.000000
late,low_friction,source_action_transfer,48,0.625000,0.138409,0.133872,0.008232,0.018684,0.006985,0.063286,0.013019,0.813180,0.040141,0.000000,0.000000,0.211837,0.000000,0.000000
late,nominal,cefv_v4,48,0.583333,0.140948,0.121079,0.011852,0.027379,0.007908,0.071999,0.012157,0.778376,0.037864,0.000000,0.000000,0.303812,0.014497,0.000000
late,nominal,continuous_force_regression,48,0.645833,0.136732,0.121282,0.012627,0.027582,0.009478,0.067216,0.010877,0.792800,0.031937,0.000000,0.000000,0.308677,0.000000,0.000000
late,nominal,cvar_domain_randomized_mpc,48,0.645833,0.136732,0.111507,0.008206,0.017807,0.005438,0.061606,0.009588,0.808467,0.029211,0.000000,0.000000,0.305055,0.000000,0.000000
late,nominal,geometry_mpc,48,0.000000,0.000000,0.278366,0.014697,0.184666,0.013494,0.224534,0.011107,0.303602,0.024971,0.000000,0.000000,0.448913,0.000000,0.000000
late,nominal,oracle_embodiment_mpc,48,0.812500,0.111589,0.093700,0.007507,0.000000,0.000000,0.044922,0.008046,0.860726,0.025090,0.000000,0.000000,0.322591,0.000000,0.000000
late,nominal,random_shooting,48,0.000000,0.000000,0.316343,0.032170,0.222643,0.033132,0.253768,0.030439,0.215083,0.088339,0.000000,0.000000,0.426933,0.000000,0.000000
late,nominal,raw_force_scalar,48,0.166667,0.106547,0.206779,0.020654,0.113079,0.017910,0.137113,0.015775,0.569178,0.053197,0.000000,0.000000,0.311146,0.000000,0.000000
late,nominal,rc_fev_no_online,48,0.708333,0.129948,0.110997,0.008133,0.017297,0.005885,0.056272,0.009101,0.824729,0.027967,0.000000,0.000000,0.299269,0.105169,0.533839
late,nominal,rc_fev_v5,48,0.708333,0.129948,0.111391,0.008327,0.017691,0.005871,0.057097,0.009615,0.823677,0.028810,0.000000,0.000000,0.295675,0.107597,0.399179
late,nominal,robust_domain_randomized_mpc,48,0.645833,0.136732,0.114087,0.009031,0.020387,0.006903,0.061664,0.009693,0.809100,0.029244,0.000000,0.000000,0.309813,0.000000,0.000000
late,nominal,source_action_transfer,48,0.666667,0.134772,0.113523,0.007654,0.019823,0.005859,0.056276,0.011696,0.829244,0.033912,0.000000,0.000000,0.335838,0.000000,0.000000
middle,actuation_noise,cefv_v4,56,0.357143,0.126635,0.167985,0.014007,0.062928,0.012991,0.100485,0.013987,0.731278,0.037669,0.000000,0.000000,0.451889,0.013340,0.000000
middle,actuation_noise,continuous_force_regression,56,0.357143,0.126635,0.178434,0.020116,0.073376,0.017007,0.117395,0.019810,0.692569,0.048513,0.000000,0.000000,0.500716,0.000000,0.000000
middle,actuation_noise,cvar_domain_randomized_mpc,56,0.535714,0.131806,0.148335,0.013089,0.043278,0.010881,0.088807,0.014501,0.763820,0.036634,0.000000,0.000000,0.447253,0.000000,0.000000
middle,actuation_noise,geometry_mpc,56,0.000000,0.000000,0.339484,0.034100,0.234426,0.031037,0.265139,0.024275,0.292779,0.061720,0.053571,0.059509,0.716478,0.000000,0.000000
middle,actuation_noise,oracle_embodiment_mpc,56,0.803571,0.105000,0.105057,0.009575,0.000000,0.000000,0.055043,0.009251,0.850614,0.026119,0.000000,0.000000,0.457455,0.000000,0.000000
middle,actuation_noise,random_shooting,56,0.035714,0.049045,0.340987,0.039048,0.235930,0.038310,0.265201,0.032320,0.294210,0.080592,0.035714,0.049045,0.552364,0.000000,0.000000
middle,actuation_noise,raw_force_scalar,56,0.089286,0.075363,0.295799,0.038185,0.190741,0.034336,0.220061,0.030471,0.419663,0.072717,0.035714,0.049045,0.517806,0.000000,0.000000
middle,actuation_noise,rc_fev_no_online,56,0.446429,0.131383,0.154891,0.013886,0.049834,0.012095,0.096160,0.014338,0.745348,0.035544,0.000000,0.000000,0.442105,0.103328,0.531744
middle,actuation_noise,rc_fev_v5,56,0.464286,0.131806,0.153204,0.013948,0.048147,0.012112,0.094386,0.014653,0.750167,0.036418,0.000000,0.000000,0.442310,0.105873,0.451354
middle,actuation_noise,robust_domain_randomized_mpc,56,0.428571,0.130788,0.155307,0.013830,0.050250,0.012212,0.098727,0.014295,0.738258,0.035493,0.000000,0.000000,0.448851,0.000000,0.000000
middle,actuation_noise,source_action_transfer,56,0.410714,0.130019,0.169287,0.015097,0.064230,0.016173,0.098727,0.014750,0.739660,0.038365,0.000000,0.000000,0.472820,0.000000,0.000000
middle,combined_shift,cefv_v4,56,0.285714,0.119392,0.181634,0.016439,0.078756,0.017059,0.111174,0.015357,0.728842,0.037310,0.000000,0.000000,0.910505,0.016496,0.000000
middle,combined_shift,continuous_force_regression,56,0.214286,0.108444,0.191511,0.017565,0.088633,0.018698,0.119664,0.015349,0.706311,0.036830,0.000000,0.000000,0.855879,0.000000,0.000000
middle,combined_shift,cvar_domain_randomized_mpc,56,0.285714,0.119392,0.173321,0.016093,0.070443,0.015728,0.103661,0.014193,0.746945,0.033866,0.000000,0.000000,0.895785,0.000000,0.000000
middle,combined_shift,geometry_mpc,56,0.000000,0.000000,0.347805,0.034455,0.244928,0.034088,0.267140,0.023538,0.349703,0.053087,0.053571,0.059509,1.502852,0.000000,0.000000
middle,combined_shift,oracle_embodiment_mpc,56,0.785714,0.108444,0.102878,0.008754,0.000000,0.000000,0.057271,0.008242,0.858571,0.022080,0.000000,0.000000,1.083684,0.000000,0.000000
middle,combined_shift,random_shooting,56,0.035714,0.049045,0.360580,0.043116,0.257702,0.042180,0.280326,0.037214,0.310205,0.092624,0.035714,0.049045,1.311251,0.000000,0.000000
middle,combined_shift,raw_force_scalar,56,0.053571,0.059509,0.285762,0.026810,0.182885,0.025093,0.215411,0.024644,0.479268,0.054827,0.000000,0.000000,0.757744,0.000000,0.000000
middle,combined_shift,rc_fev_no_online,56,0.267857,0.117037,0.170771,0.016860,0.067893,0.016227,0.105166,0.015552,0.743209,0.036665,0.000000,0.000000,0.894048,0.103433,0.531805
middle,combined_shift,rc_fev_v5,56,0.267857,0.117037,0.170866,0.016790,0.067988,0.016129,0.105738,0.015553,0.741604,0.036789,0.000000,0.000000,0.909522,0.109176,0.455244
middle,combined_shift,robust_domain_randomized_mpc,56,0.267857,0.117037,0.170835,0.017554,0.067957,0.016375,0.106182,0.015943,0.740117,0.037738,0.000000,0.000000,0.889676,0.000000,0.000000
middle,combined_shift,source_action_transfer,56,0.357143,0.126635,0.185363,0.017366,0.082485,0.017428,0.105191,0.017785,0.745568,0.040642,0.000000,0.000000,0.883302,0.000000,0.000000
middle,heavy_object,cefv_v4,56,0.428571,0.130788,0.141761,0.012268,0.045098,0.012473,0.080395,0.010460,0.777383,0.029555,0.000000,0.000000,0.973843,0.015090,0.000000
middle,heavy_object,continuous_force_regression,56,0.410714,0.130019,0.147372,0.015233,0.050709,0.013852,0.088776,0.011976,0.755525,0.032336,0.000000,0.000000,1.006155,0.000000,0.000000
middle,heavy_object,cvar_domain_randomized_mpc,56,0.625000,0.127947,0.126346,0.008276,0.029682,0.009272,0.064933,0.009258,0.819260,0.027013,0.000000,0.000000,1.009981,0.000000,0.000000
middle,heavy_object,geometry_mpc,56,0.000000,0.000000,0.299273,0.016874,0.202610,0.015848,0.233164,0.013509,0.357268,0.036997,0.000000,0.000000,1.489776,0.000000,0.000000
middle,heavy_object,oracle_embodiment_mpc,56,0.803571,0.105000,0.096663,0.005983,0.000000,0.000000,0.051833,0.006311,0.856364,0.018121,0.000000,0.000000,1.149439,0.000000,0.000000
middle,heavy_object,random_shooting,56,0.035714,0.049045,0.347613,0.039582,0.250949,0.039272,0.272659,0.035777,0.261888,0.090115,0.017857,0.035000,1.196018,0.000000,0.000000
middle,heavy_object,raw_force_scalar,56,0.053571,0.059509,0.232318,0.019052,0.135655,0.018682,0.159086,0.016249,0.554944,0.050873,0.000000,0.000000,0.960840,0.000000,0.000000
middle,heavy_object,rc_fev_no_online,56,0.660714,0.125131,0.126848,0.008559,0.030185,0.009526,0.062095,0.009205,0.831491,0.024478,0.000000,0.000000,1.021379,0.103492,0.531887
middle,heavy_object,rc_fev_v5,56,0.642857,0.126635,0.126588,0.008449,0.029924,0.009420,0.063276,0.009195,0.826946,0.025018,0.000000,0.000000,1.027926,0.106718,0.452347
middle,heavy_object,robust_domain_randomized_mpc,56,0.607143,0.129074,0.126952,0.008527,0.030288,0.008865,0.067125,0.009910,0.816956,0.026711,0.000000,0.000000,1.011066,0.000000,0.000000
middle,heavy_object,source_action_transfer,56,0.625000,0.127947,0.142336,0.009380,0.045673,0.011947,0.068351,0.010372,0.812601,0.029015,0.000000,0.000000,1.030573,0.000000,0.000000
middle,heldout_high_gain,cefv_v4,56,0.232143,0.111582,0.192716,0.017911,0.049705,0.013238,0.128053,0.016491,0.634935,0.048181,0.035714,0.049045,0.555836,0.009500,0.000000
middle,heldout_high_gain,continuous_force_regression,56,0.178571,0.101220,0.202266,0.020465,0.059254,0.018315,0.146936,0.017074,0.585095,0.047210,0.035714,0.049045,0.471038,0.000000,0.000000
middle,heldout_high_gain,cvar_domain_randomized_mpc,56,0.285714,0.119392,0.178072,0.016534,0.035061,0.012782,0.105720,0.013017,0.703352,0.035470,0.089286,0.075363,0.473435,0.000000,0.000000
middle,heldout_high_gain,geometry_mpc,56,0.000000,0.000000,0.437233,0.022562,0.294222,0.021728,0.356637,0.013927,-0.003067,0.027916,0.053571,0.059509,0.650325,0.000000,0.000000
middle,heldout_high_gain,oracle_embodiment_mpc,56,0.392857,0.129074,0.143011,0.009926,0.000000,0.000000,0.091457,0.012584,0.737629,0.036834,0.000000,0.000000,0.490801,0.000000,0.000000
middle,heldout_high_gain,random_shooting,56,0.053571,0.059509,0.412396,0.047617,0.269385,0.044918,0.323272,0.039827,0.104550,0.103722,0.053571,0.059509,0.637765,0.000000,0.000000
middle,heldout_high_gain,raw_force_scalar,56,0.035714,0.049045,0.288728,0.029889,0.145717,0.029765,0.211048,0.021669,0.412032,0.054666,0.071429,0.068064,0.459505,0.000000,0.000000
middle,heldout_high_gain,rc_fev_no_online,56,0.339286,0.125131,0.171980,0.016710,0.028969,0.012193,0.097503,0.012803,0.724707,0.035821,0.089286,0.075363,0.467907,0.103624,0.531897
middle,heldout_high_gain,rc_fev_v5,56,0.321429,0.123428,0.176796,0.017540,0.033785,0.013621,0.103461,0.014322,0.709314,0.039602,0.089286,0.075363,0.461894,0.106775,0.452313
middle,heldout_high_gain,robust_domain_randomized_mpc,56,0.321429,0.123428,0.176142,0.016989,0.033131,0.012872,0.102721,0.013786,0.710242,0.038970,0.089286,0.075363,0.474826,0.000000,0.000000
middle,heldout_high_gain,source_action_transfer,56,0.357143,0.126635,0.177890,0.011246,0.034879,0.009060,0.104647,0.013896,0.700364,0.039726,0.000000,0.000000,0.523144,0.000000,0.000000
middle,heldout_large_soft,cefv_v4,56,0.571429,0.130788,0.122290,0.012290,0.031253,0.010008,0.072650,0.011121,0.790876,0.034286,0.000000,0.000000,0.398212,0.017419,0.000000
middle,heldout_large_soft,continuous_force_regression,56,0.553571,0.131383,0.125005,0.014581,0.033968,0.010452,0.072395,0.009885,0.794789,0.027264,0.000000,0.000000,0.398748,0.000000,0.000000
middle,heldout_large_soft,cvar_domain_randomized_mpc,56,0.642857,0.126635,0.114842,0.009150,0.023806,0.006414,0.064046,0.009021,0.817190,0.026611,0.000000,0.000000,0.370520,0.000000,0.000000
middle,heldout_large_soft,geometry_mpc,56,0.000000,0.000000,0.244906,0.009907,0.153870,0.006967,0.195116,0.006885,0.448348,0.014385,0.000000,0.000000,0.497916,0.000000,0.000000
middle,heldout_large_soft,oracle_embodiment_mpc,56,0.946429,0.059509,0.091037,0.007699,0.000000,0.000000,0.045371,0.005757,0.870642,0.017044,0.000000,0.000000,0.418568,0.000000,0.000000
middle,heldout_large_soft,random_shooting,56,0.053571,0.059509,0.319220,0.032910,0.228184,0.030458,0.255567,0.029476,0.287765,0.073031,0.000000,0.000000,0.470109,0.000000,0.000000
middle,heldout_large_soft,raw_force_scalar,56,0.142857,0.092481,0.207263,0.021568,0.116226,0.019024,0.152361,0.018966,0.566509,0.053553,0.000000,0.000000,0.356316,0.000000,0.000000
middle,heldout_large_soft,rc_fev_no_online,56,0.714286,0.119392,0.113277,0.008532,0.022241,0.006011,0.058554,0.008150,0.834987,0.023012,0.000000,0.000000,0.377593,0.105452,0.534131
middle,heldout_large_soft,rc_fev_v5,56,0.696429,0.121519,0.114057,0.008368,0.023021,0.005835,0.059871,0.008389,0.829046,0.025362,0.000000,0.000000,0.367325,0.109152,0.455223
middle,heldout_large_soft,robust_domain_randomized_mpc,56,0.696429,0.121519,0.113814,0.008543,0.022777,0.005961,0.060656,0.008559,0.829669,0.023702,0.000000,0.000000,0.369711,0.000000,0.000000
middle,heldout_large_soft,source_action_transfer,56,0.678571,0.123428,0.121018,0.007066,0.029982,0.006455,0.060080,0.010493,0.830114,0.029817,0.000000,0.000000,0.406059,0.000000,0.000000
middle,heldout_small_radius,cefv_v4,56,0.535714,0.131806,0.140904,0.011465,0.054616,0.012583,0.077547,0.011022,0.772329,0.034477,0.000000,0.000000,0.279138,0.013389,0.000000
middle,heldout_small_radius,continuous_force_regression,56,0.535714,0.131806,0.154613,0.013210,0.068325,0.013990,0.080183,0.011013,0.767201,0.032202,0.017857,0.035000,0.290991,0.000000,0.000000
middle,heldout_small_radius,cvar_domain_randomized_mpc,56,0.678571,0.123428,0.129259,0.012781,0.042971,0.012917,0.061889,0.008192,0.821220,0.023639,0.017857,0.035000,0.283641,0.000000,0.000000
middle,heldout_small_radius,geometry_mpc,56,0.000000,0.000000,0.307121,0.014570,0.220833,0.016392,0.246281,0.010541,0.292972,0.018291,0.000000,0.000000,0.462900,0.000000,0.000000
middle,heldout_small_radius,oracle_embodiment_mpc,56,0.839286,0.097064,0.086288,0.007246,0.000000,0.000000,0.041941,0.007197,0.876991,0.021694,0.000000,0.000000,0.303292,0.000000,0.000000
middle,heldout_small_radius,random_shooting,56,0.125000,0.087404,0.324046,0.048393,0.237758,0.048907,0.245761,0.041591,0.309526,0.108530,0.071429,0.068064,0.338650,0.000000,0.000000
middle,heldout_small_radius,raw_force_scalar,56,0.125000,0.087404,0.228905,0.022243,0.142617,0.023468,0.151003,0.017507,0.561078,0.051647,0.035714,0.049045,0.283341,0.000000,0.000000
middle,heldout_small_radius,rc_fev_no_online,56,0.696429,0.121519,0.129160,0.012519,0.042872,0.013231,0.060160,0.007774,0.828166,0.021427,0.017857,0.035000,0.289337,0.102832,0.531002
middle,heldout_small_radius,rc_fev_v5,56,0.732143,0.117037,0.129914,0.012435,0.043626,0.013120,0.058377,0.007956,0.834048,0.021459,0.017857,0.035000,0.288778,0.103467,0.448574
middle,heldout_small_radius,robust_domain_randomized_mpc,56,0.714286,0.119392,0.129387,0.012422,0.043099,0.012976,0.058509,0.007713,0.832207,0.021680,0.017857,0.035000,0.282686,0.000000,0.000000
middle,heldout_small_radius,source_action_transfer,56,0.732143,0.117037,0.131069,0.008445,0.044781,0.011742,0.057042,0.009657,0.835518,0.028413,0.000000,0.000000,0.272592,0.000000,0.000000
middle,heldout_weak_actuator,cefv_v4,56,0.446429,0.131383,0.139232,0.014912,0.053951,0.013857,0.081577,0.010841,0.776620,0.029301,0.000000,0.000000,0.352494,0.013175,0.000000
middle,heldout_weak_actuator,continuous_force_regression,56,0.482143,0.132059,0.135835,0.014985,0.050554,0.012903,0.081266,0.009466,0.778887,0.024315,0.000000,0.000000,0.356892,0.000000,0.000000
middle,heldout_weak_actuator,cvar_domain_randomized_mpc,56,0.607143,0.129074,0.123738,0.010423,0.038457,0.008745,0.066367,0.007546,0.817790,0.020301,0.000000,0.000000,0.337740,0.000000,0.000000
middle,heldout_weak_actuator,geometry_mpc,56,0.000000,0.000000,0.223555,0.009936,0.138274,0.008961,0.169832,0.007691,0.535590,0.018340,0.000000,0.000000,0.516861,0.000000,0.000000
middle,heldout_weak_actuator,oracle_embodiment_mpc,56,0.821429,0.101220,0.085281,0.006615,0.000000,0.000000,0.049103,0.006375,0.861143,0.020305,0.000000,0.000000,0.424935,0.000000,0.000000
middle,heldout_weak_actuator,random_shooting,56,0.089286,0.075363,0.273866,0.029571,0.188585,0.029243,0.206253,0.027180,0.440973,0.068806,0.000000,0.000000,0.429603,0.000000,0.000000
middle,heldout_weak_actuator,raw_force_scalar,56,0.142857,0.092481,0.196347,0.022182,0.111066,0.022412,0.137748,0.018496,0.619725,0.050280,0.017857,0.035000,0.369542,0.000000,0.000000
middle,heldout_weak_actuator,rc_fev_no_online,56,0.660714,0.125131,0.128087,0.011817,0.042806,0.010339,0.065669,0.008241,0.820779,0.020948,0.000000,0.000000,0.327317,0.103049,0.531480
middle,heldout_weak_actuator,rc_fev_v5,56,0.625000,0.127947,0.127485,0.011806,0.042204,0.010386,0.067407,0.008392,0.815377,0.021930,0.000000,0.000000,0.324891,0.106823,0.452597
middle,heldout_weak_actuator,robust_domain_randomized_mpc,56,0.642857,0.126635,0.129521,0.012071,0.044240,0.010306,0.066775,0.008200,0.818208,0.020632,0.000000,0.000000,0.325831,0.000000,0.000000
middle,heldout_weak_actuator,source_action_transfer,56,0.500000,0.132143,0.133000,0.010730,0.047719,0.010347,0.074811,0.007818,0.796439,0.019750,0.000000,0.000000,0.355358,0.000000,0.000000
middle,high_friction,cefv_v4,56,0.589286,0.130019,0.152526,0.015758,0.064331,0.015391,0.078083,0.011518,0.785730,0.035094,0.017857,0.035000,1.032626,0.015181,0.000000
middle,high_friction,continuous_force_regression,56,0.517857,0.132059,0.140635,0.014426,0.052440,0.013358,0.077184,0.008721,0.792709,0.023539,0.000000,0.000000,0.997236,0.000000,0.000000
middle,high_friction,cvar_domain_randomized_mpc,56,0.678571,0.123428,0.127009,0.010377,0.038813,0.009568,0.063033,0.007548,0.831575,0.019400,0.000000,0.000000,1.037393,0.000000,0.000000
middle,high_friction,geometry_mpc,56,0.000000,0.000000,0.275785,0.021085,0.187590,0.019227,0.211688,0.017948,0.434102,0.042290,0.000000,0.000000,1.425623,0.000000,0.000000
middle,high_friction,oracle_embodiment_mpc,56,0.803571,0.105000,0.088195,0.007505,0.000000,0.000000,0.051739,0.006741,0.859825,0.018867,0.000000,0.000000,1.206208,0.000000,0.000000
middle,high_friction,random_shooting,56,0.053571,0.059509,0.361123,0.045184,0.272928,0.044707,0.284430,0.040201,0.233640,0.106049,0.035714,0.049045,1.171019,0.000000,0.000000
middle,high_friction,raw_force_scalar,56,0.071429,0.068064,0.237631,0.024914,0.149436,0.023348,0.163106,0.022493,0.564465,0.056564,0.000000,0.000000,0.904563,0.000000,0.000000
middle,high_friction,rc_fev_no_online,56,0.625000,0.127947,0.129671,0.011097,0.041475,0.010659,0.066582,0.008559,0.823078,0.021922,0.000000,0.000000,1.023993,0.101627,0.529712
middle,high_friction,rc_fev_v5,56,0.642857,0.126635,0.129670,0.011076,0.041475,0.010693,0.064980,0.008514,0.827381,0.021762,0.000000,0.000000,1.021159,0.105994,0.451522
middle,high_friction,robust_domain_randomized_mpc,56,0.571429,0.130788,0.130990,0.011433,0.042795,0.010795,0.068655,0.008680,0.817654,0.022245,0.000000,0.000000,1.010829,0.000000,0.000000
middle,high_friction,source_action_transfer,56,0.642857,0.126635,0.135631,0.010832,0.047436,0.011715,0.067461,0.009510,0.822898,0.023053,0.000000,0.000000,1.047789,0.000000,0.000000
middle,low_friction,cefv_v4,56,0.357143,0.126635,0.160354,0.014194,0.045551,0.012512,0.092055,0.013915,0.733671,0.042444,0.000000,0.000000,0.196829,0.014212,0.000000
middle,low_friction,continuous_force_regression,56,0.303571,0.121519,0.154288,0.012830,0.039485,0.010458,0.092056,0.011855,0.737901,0.033059,0.000000,0.000000,0.188655,0.000000,0.000000
middle,low_friction,cvar_domain_randomized_mpc,56,0.500000,0.132143,0.129035,0.007406,0.014232,0.005266,0.072971,0.011311,0.793532,0.032332,0.000000,0.000000,0.180860,0.000000,0.000000
middle,low_friction,geometry_mpc,56,0.000000,0.000000,0.332401,0.015562,0.217598,0.014974,0.279043,0.014383,0.206756,0.038767,0.000000,0.000000,0.276132,0.000000,0.000000
middle,low_friction,oracle_embodiment_mpc,56,0.625000,0.127947,0.114803,0.006785,0.000000,0.000000,0.058855,0.009564,0.830228,0.028913,0.000000,0.000000,0.184690,0.000000,0.000000
middle,low_friction,random_shooting,56,0.000000,0.000000,0.358888,0.037460,0.244084,0.037845,0.286953,0.030966,0.190906,0.083778,0.053571,0.059509,0.250307,0.000000,0.000000
middle,low_friction,raw_force_scalar,56,0.053571,0.059509,0.239022,0.023746,0.124219,0.022850,0.172367,0.021339,0.509350,0.061368,0.035714,0.049045,0.207822,0.000000,0.000000
middle,low_friction,rc_fev_no_online,56,0.517857,0.132059,0.129430,0.007361,0.014627,0.005146,0.072267,0.010826,0.795953,0.030813,0.000000,0.000000,0.181938,0.103863,0.532319
middle,low_friction,rc_fev_v5,56,0.500000,0.132143,0.128401,0.007209,0.013598,0.005130,0.073345,0.010859,0.792943,0.030857,0.000000,0.000000,0.182258,0.108223,0.454062
middle,low_friction,robust_domain_randomized_mpc,56,0.482143,0.132059,0.129010,0.007582,0.014207,0.005208,0.075932,0.011130,0.786881,0.031056,0.000000,0.000000,0.187149,0.000000,0.000000
middle,low_friction,source_action_transfer,56,0.500000,0.132143,0.144384,0.010426,0.029581,0.009108,0.073228,0.010670,0.790298,0.030971,0.017857,0.035000,0.205438,0.000000,0.000000
middle,nominal,cefv_v4,56,0.571429,0.130788,0.135651,0.014116,0.036519,0.011138,0.081891,0.014789,0.748585,0.045231,0.000000,0.000000,0.311025,0.016993,0.000000
middle,nominal,continuous_force_regression,56,0.535714,0.131806,0.131456,0.012086,0.032324,0.009271,0.081228,0.010674,0.752317,0.031911,0.000000,0.000000,0.346043,0.000000,0.000000
middle,nominal,cvar_domain_randomized_mpc,56,0.750000,0.114439,0.111187,0.007474,0.012055,0.004056,0.054847,0.008600,0.829161,0.028542,0.000000,0.000000,0.349126,0.000000,0.000000
middle,nominal,geometry_mpc,56,0.000000,0.000000,0.280529,0.012498,0.181397,0.009989,0.223527,0.009337,0.321674,0.019438,0.000000,0.000000,0.397883,0.000000,0.000000
middle,nominal,oracle_embodiment_mpc,56,0.928571,0.068064,0.099132,0.006343,0.000000,0.000000,0.038355,0.006841,0.882548,0.021523,0.000000,0.000000,0.368762,0.000000,0.000000
middle,nominal,random_shooting,56,0.071429,0.068064,0.320149,0.036594,0.221017,0.035043,0.251796,0.033032,0.237585,0.094039,0.017857,0.035000,0.388667,0.000000,0.000000
middle,nominal,raw_force_scalar,56,0.160714,0.097064,0.194252,0.019316,0.095120,0.017637,0.139318,0.017296,0.579512,0.050165,0.000000,0.000000,0.321612,0.000000,0.000000
middle,nominal,rc_fev_no_online,56,0.803571,0.105000,0.109349,0.007571,0.010217,0.003642,0.048484,0.008436,0.853713,0.025066,0.000000,0.000000,0.368784,0.102099,0.530227
middle,nominal,rc_fev_v5,56,0.785714,0.108444,0.110186,0.007492,0.011054,0.003931,0.049508,0.008676,0.850019,0.026454,0.000000,0.000000,0.364871,0.105686,0.451118
middle,nominal,robust_domain_randomized_mpc,56,0.803571,0.105000,0.111613,0.008051,0.012481,0.004266,0.049913,0.009116,0.850204,0.026364,0.000000,0.000000,0.366415,0.000000,0.000000
middle,nominal,source_action_transfer,56,0.732143,0.117037,0.120764,0.006723,0.021632,0.004817,0.051428,0.010566,0.839868,0.034057,0.000000,0.000000,0.358752,0.000000,0.000000
