rank,uid,title,year,venue,url,problem_claimed,actual_mechanism,hidden_assumptions,variables_treated_as_fixed,failure_modes_ignored,what_it_makes_less_novel,what_it_leaves_open
1,arxiv:2511.01177v2,Scaling Cross-Embodiment World Models for Dexterous Manipulation,2025,arXiv,http://arxiv.org/abs/2511.01177v2,Addresses cross-embodiment robot policy transfer or a neighboring robotics mechanism.,"Prior work usually predicts, ranks, filters, or imitates observed behavior rather than preserving unrealized branches.",The observed outcome is enough to supervise the model.,"Contact mode support, embodiment limits, and deployment perturbations.","Branch collapse, hidden-mode shift, and tail-risk planning failures.",Generic world models and generic uncertainty are crowded.,Cross embodiment force vocabularies keeps action-critical alternatives explicit until a physical observation collapses them.
2,arxiv:2412.15166v1,Human-Humanoid Robots Cross-Embodiment Behavior-Skill Transfer Using Decomposed Adversarial Learning from Demonstration,2024,arXiv,http://arxiv.org/abs/2412.15166v1,Addresses cross-embodiment robot policy transfer or a neighboring robotics mechanism.,"Prior work usually predicts, ranks, filters, or imitates observed behavior rather than preserving unrealized branches.",The observed outcome is enough to supervise the model.,"Contact mode support, embodiment limits, and deployment perturbations.","Branch collapse, hidden-mode shift, and tail-risk planning failures.",Generic world models and generic uncertainty are crowded.,Cross embodiment force vocabularies keeps action-critical alternatives explicit until a physical observation collapses them.
3,arxiv:2605.23733v1,Any2Any: Efficient Cross-Embodiment Transfer for Humanoid Whole-Body Tracking,2026,arXiv,http://arxiv.org/abs/2605.23733v1,Addresses cross-embodiment robot policy transfer or a neighboring robotics mechanism.,"Prior work usually predicts, ranks, filters, or imitates observed behavior rather than preserving unrealized branches.",The observed outcome is enough to supervise the model.,"Contact mode support, embodiment limits, and deployment perturbations.","Branch collapse, hidden-mode shift, and tail-risk planning failures.",Generic world models and generic uncertainty are crowded.,Cross embodiment force vocabularies keeps action-critical alternatives explicit until a physical observation collapses them.
4,doi:10.1002/aisy.202100047,Interactive Force Control Based on Multimodal Robot Skin for Physical Human−Robot Collaboration,2022,Advanced Intelligent Systems,https://doi.org/10.1002/aisy.202100047,Addresses cross-embodiment robot policy transfer or a neighboring robotics mechanism.,"Prior work usually predicts, ranks, filters, or imitates observed behavior rather than preserving unrealized branches.",The observed outcome is enough to supervise the model.,"Contact mode support, embodiment limits, and deployment perturbations.","Branch collapse, hidden-mode shift, and tail-risk planning failures.",Generic world models and generic uncertainty are crowded.,Cross embodiment force vocabularies keeps action-critical alternatives explicit until a physical observation collapses them.
5,doi:10.21203/rs.3.rs-9525948/v1,"Domain-Generalizable Emotion Recognition across Social Media, Sitcom Dialogues, and Online Video Transcripts via Large Language Model-Guided Invariant Emotion Explanations",,,https://doi.org/10.21203/rs.3.rs-9525948/v1,Addresses cross-embodiment robot policy transfer or a neighboring robotics mechanism.,"Prior work usually predicts, ranks, filters, or imitates observed behavior rather than preserving unrealized branches.",The observed outcome is enough to supervise the model.,"Contact mode support, embodiment limits, and deployment perturbations.","Branch collapse, hidden-mode shift, and tail-risk planning failures.",Generic world models and generic uncertainty are crowded.,Cross embodiment force vocabularies keeps action-critical alternatives explicit until a physical observation collapses them.
6,arxiv:2512.01946v3,Scaling Cross-Environment Failure Reasoning Data for Vision-Language Robotic Manipulation,2025,arXiv,http://arxiv.org/abs/2512.01946v3,Addresses cross-embodiment robot policy transfer or a neighboring robotics mechanism.,"Prior work usually predicts, ranks, filters, or imitates observed behavior rather than preserving unrealized branches.",The observed outcome is enough to supervise the model.,"Contact mode support, embodiment limits, and deployment perturbations.","Branch collapse, hidden-mode shift, and tail-risk planning failures.",Generic world models and generic uncertainty are crowded.,Cross embodiment force vocabularies keeps action-critical alternatives explicit until a physical observation collapses them.
7,doi:10.31221/osf.io/v2ncb,Predictive model on the effect of restrictor on transfer function parameters on pneumatic control system,,,https://doi.org/10.31221/osf.io/v2ncb,Addresses cross-embodiment robot policy transfer or a neighboring robotics mechanism.,"Prior work usually predicts, ranks, filters, or imitates observed behavior rather than preserving unrealized branches.",The observed outcome is enough to supervise the model.,"Contact mode support, embodiment limits, and deployment perturbations.","Branch collapse, hidden-mode shift, and tail-risk planning failures.",Generic world models and generic uncertainty are crowded.,Cross embodiment force vocabularies keeps action-critical alternatives explicit until a physical observation collapses them.
8,arxiv:2512.13100v1,OXE-AugE: A Large-Scale Robot Augmentation of OXE for Scaling Cross-Embodiment Policy Learning,2025,arXiv,http://arxiv.org/abs/2512.13100v1,Addresses cross-embodiment robot policy transfer or a neighboring robotics mechanism.,"Prior work usually predicts, ranks, filters, or imitates observed behavior rather than preserving unrealized branches.",The observed outcome is enough to supervise the model.,"Contact mode support, embodiment limits, and deployment perturbations.","Branch collapse, hidden-mode shift, and tail-risk planning failures.",Generic world models and generic uncertainty are crowded.,Cross embodiment force vocabularies keeps action-critical alternatives explicit until a physical observation collapses them.
9,doi:10.1109/lra.2024.3360013,Transferability in the Automatic Off-Line Design of Robot Swarms: From Sim-to-Real to Embodiment and Design-Method Transfer Across Different Platforms,2024,IEEE Robotics and Automation Letters,https://doi.org/10.1109/lra.2024.3360013,Addresses cross-embodiment robot policy transfer or a neighboring robotics mechanism.,"Prior work usually predicts, ranks, filters, or imitates observed behavior rather than preserving unrealized branches.",The observed outcome is enough to supervise the model.,"Contact mode support, embodiment limits, and deployment perturbations.","Branch collapse, hidden-mode shift, and tail-risk planning failures.",Generic world models and generic uncertainty are crowded.,Cross embodiment force vocabularies keeps action-critical alternatives explicit until a physical observation collapses them.
10,doi:10.3390/robotics14120180,Sim2Real Transfer of Imitation Learning of Motion Control for Car-like Mobile Robots Using Digital Twin Testbed,2025,Robotics,https://doi.org/10.3390/robotics14120180,Addresses cross-embodiment robot policy transfer or a neighboring robotics mechanism.,"Prior work usually predicts, ranks, filters, or imitates observed behavior rather than preserving unrealized branches.",The observed outcome is enough to supervise the model.,"Contact mode support, embodiment limits, and deployment perturbations.","Branch collapse, hidden-mode shift, and tail-risk planning failures.",Generic world models and generic uncertainty are crowded.,Cross embodiment force vocabularies keeps action-critical alternatives explicit until a physical observation collapses them.
11,arxiv:2605.11564v1,RIO: Flexible Real-Time Robot I/O for Cross-Embodiment Robot Learning,2026,arXiv,http://arxiv.org/abs/2605.11564v1,Addresses cross-embodiment robot policy transfer or a neighboring robotics mechanism.,"Prior work usually predicts, ranks, filters, or imitates observed behavior rather than preserving unrealized branches.",The observed outcome is enough to supervise the model.,"Contact mode support, embodiment limits, and deployment perturbations.","Branch collapse, hidden-mode shift, and tail-risk planning failures.",Generic world models and generic uncertainty are crowded.,Cross embodiment force vocabularies keeps action-critical alternatives explicit until a physical observation collapses them.
12,doi:10.1109/naps52732.2021.9654717,Risk-based Classical Failure Mode and Effect Analysis (FMEA) of Microgrid Cyber-physical Energy Systems,2021,2021 North American Power Symposium (NAPS),https://doi.org/10.1109/naps52732.2021.9654717,Addresses cross-embodiment robot policy transfer or a neighboring robotics mechanism.,"Prior work usually predicts, ranks, filters, or imitates observed behavior rather than preserving unrealized branches.",The observed outcome is enough to supervise the model.,"Contact mode support, embodiment limits, and deployment perturbations.","Branch collapse, hidden-mode shift, and tail-risk planning failures.",Generic world models and generic uncertainty are crowded.,Cross embodiment force vocabularies keeps action-critical alternatives explicit until a physical observation collapses them.
13,doi:10.1109/tii.2023.3280320,Dynamic Motion Primitives-Based Trajectory Learning for Physical Human–Robot Interaction Force Control,2024,IEEE Transactions on Industrial Informatics,https://doi.org/10.1109/tii.2023.3280320,Addresses cross-embodiment robot policy transfer or a neighboring robotics mechanism.,"Prior work usually predicts, ranks, filters, or imitates observed behavior rather than preserving unrealized branches.",The observed outcome is enough to supervise the model.,"Contact mode support, embodiment limits, and deployment perturbations.","Branch collapse, hidden-mode shift, and tail-risk planning failures.",Generic world models and generic uncertainty are crowded.,Cross embodiment force vocabularies keeps action-critical alternatives explicit until a physical observation collapses them.
14,doi:10.1109/cvpr.2015.7298860,Learning a non-linear knowledge transfer model for cross-view action recognition,2015,2015 IEEE Conference on Computer Vision and Pattern Recognition (CVPR),https://doi.org/10.1109/cvpr.2015.7298860,Addresses cross-embodiment robot policy transfer or a neighboring robotics mechanism.,"Prior work usually predicts, ranks, filters, or imitates observed behavior rather than preserving unrealized branches.",The observed outcome is enough to supervise the model.,"Contact mode support, embodiment limits, and deployment perturbations.","Branch collapse, hidden-mode shift, and tail-risk planning failures.",Generic world models and generic uncertainty are crowded.,Cross embodiment force vocabularies keeps action-critical alternatives explicit until a physical observation collapses them.
15,doi:10.15607/rss.2024.xx.069,MIRAGE: Cross-Embodiment Zero-Shot Policy Transfer with Cross-Painting,2024,Robotics: Science and Systems XX,https://doi.org/10.15607/rss.2024.xx.069,Addresses cross-embodiment robot policy transfer or a neighboring robotics mechanism.,"Prior work usually predicts, ranks, filters, or imitates observed behavior rather than preserving unrealized branches.",The observed outcome is enough to supervise the model.,"Contact mode support, embodiment limits, and deployment perturbations.","Branch collapse, hidden-mode shift, and tail-risk planning failures.",Generic world models and generic uncertainty are crowded.,Cross embodiment force vocabularies keeps action-critical alternatives explicit until a physical observation collapses them.
16,arxiv:2509.11865v1,Tenma: Robust Cross-Embodiment Robot Manipulation with Diffusion Transformer,2025,arXiv,http://arxiv.org/abs/2509.11865v1,Addresses cross-embodiment robot policy transfer or a neighboring robotics mechanism.,"Prior work usually predicts, ranks, filters, or imitates observed behavior rather than preserving unrealized branches.",The observed outcome is enough to supervise the model.,"Contact mode support, embodiment limits, and deployment perturbations.","Branch collapse, hidden-mode shift, and tail-risk planning failures.",Generic world models and generic uncertainty are crowded.,Cross embodiment force vocabularies keeps action-critical alternatives explicit until a physical observation collapses them.
17,doi:10.48550/arxiv.2406.01968,Cross-Embodiment Robot Manipulation Skill Transfer using Latent Space Alignment,2024,arXiv (Cornell University),https://doi.org/10.48550/arxiv.2406.01968,Addresses cross-embodiment robot policy transfer or a neighboring robotics mechanism.,"Prior work usually predicts, ranks, filters, or imitates observed behavior rather than preserving unrealized branches.",The observed outcome is enough to supervise the model.,"Contact mode support, embodiment limits, and deployment perturbations.","Branch collapse, hidden-mode shift, and tail-risk planning failures.",Generic world models and generic uncertainty are crowded.,Cross embodiment force vocabularies keeps action-critical alternatives explicit until a physical observation collapses them.
18,doi:10.3390/fi12110205,Failure Mode and Effect Analysis for Cyber-Physical Systems,2020,Future Internet,https://doi.org/10.3390/fi12110205,Addresses cross-embodiment robot policy transfer or a neighboring robotics mechanism.,"Prior work usually predicts, ranks, filters, or imitates observed behavior rather than preserving unrealized branches.",The observed outcome is enough to supervise the model.,"Contact mode support, embodiment limits, and deployment perturbations.","Branch collapse, hidden-mode shift, and tail-risk planning failures.",Generic world models and generic uncertainty are crowded.,Cross embodiment force vocabularies keeps action-critical alternatives explicit until a physical observation collapses them.
19,doi:10.18653/v1/2024.alvr-1.13,Improving Vision-Language Cross-Lingual Transfer with Scheduled Unfreezing,2024,Proceedings of the 3rd Workshop on Advances in Language and Vision Research (ALVR),https://doi.org/10.18653/v1/2024.alvr-1.13,Addresses cross-embodiment robot policy transfer or a neighboring robotics mechanism.,"Prior work usually predicts, ranks, filters, or imitates observed behavior rather than preserving unrealized branches.",The observed outcome is enough to supervise the model.,"Contact mode support, embodiment limits, and deployment perturbations.","Branch collapse, hidden-mode shift, and tail-risk planning failures.",Generic world models and generic uncertainty are crowded.,Cross embodiment force vocabularies keeps action-critical alternatives explicit until a physical observation collapses them.
20,doi:10.18653/v1/2022.emnlp-main.400,Toward the Limitation of Code-Switching in Cross-Lingual Transfer,2022,Proceedings of the 2022 Conference on Empirical Methods in Natural Language Processing,https://doi.org/10.18653/v1/2022.emnlp-main.400,Addresses cross-embodiment robot policy transfer or a neighboring robotics mechanism.,"Prior work usually predicts, ranks, filters, or imitates observed behavior rather than preserving unrealized branches.",The observed outcome is enough to supervise the model.,"Contact mode support, embodiment limits, and deployment perturbations.","Branch collapse, hidden-mode shift, and tail-risk planning failures.",Generic world models and generic uncertainty are crowded.,Cross embodiment force vocabularies keeps action-critical alternatives explicit until a physical observation collapses them.
21,doi:10.71443/9789349552982-06,Transfer Learning and Domain Adaptation Techniques in Deep Reinforcement Learning for Cross-Domain Tasks,2025,Deep Reinforcement Learning Applications in Autonomous Systems and Decision Making,https://doi.org/10.71443/9789349552982-06,Addresses cross-embodiment robot policy transfer or a neighboring robotics mechanism.,"Prior work usually predicts, ranks, filters, or imitates observed behavior rather than preserving unrealized branches.",The observed outcome is enough to supervise the model.,"Contact mode support, embodiment limits, and deployment perturbations.","Branch collapse, hidden-mode shift, and tail-risk planning failures.",Generic world models and generic uncertainty are crowded.,Cross embodiment force vocabularies keeps action-critical alternatives explicit until a physical observation collapses them.
22,doi:10.1088/1361-6501/ae5f3c,Uncertainty alignment guided mixture of experts for cross-domain rotating machinery fault diagnosis,2026,Measurement Science and Technology,https://doi.org/10.1088/1361-6501/ae5f3c,Addresses cross-embodiment robot policy transfer or a neighboring robotics mechanism.,"Prior work usually predicts, ranks, filters, or imitates observed behavior rather than preserving unrealized branches.",The observed outcome is enough to supervise the model.,"Contact mode support, embodiment limits, and deployment perturbations.","Branch collapse, hidden-mode shift, and tail-risk planning failures.",Generic world models and generic uncertainty are crowded.,Cross embodiment force vocabularies keeps action-critical alternatives explicit until a physical observation collapses them.
23,doi:10.1609/aaai.v40i8.37583,Any-Optical-Model: A Universal Foundation Model for Optical Remote Sensing,2026,Proceedings of the AAAI Conference on Artificial Intelligence,https://doi.org/10.1609/aaai.v40i8.37583,Addresses cross-embodiment robot policy transfer or a neighboring robotics mechanism.,"Prior work usually predicts, ranks, filters, or imitates observed behavior rather than preserving unrealized branches.",The observed outcome is enough to supervise the model.,"Contact mode support, embodiment limits, and deployment perturbations.","Branch collapse, hidden-mode shift, and tail-risk planning failures.",Generic world models and generic uncertainty are crowded.,Cross embodiment force vocabularies keeps action-critical alternatives explicit until a physical observation collapses them.
24,doi:10.1109/tetc.2013.2274044,A Cross-Domain Recommendation Model for Cyber-Physical Systems,2013,IEEE Transactions on Emerging Topics in Computing,https://doi.org/10.1109/tetc.2013.2274044,Addresses cross-embodiment robot policy transfer or a neighboring robotics mechanism.,"Prior work usually predicts, ranks, filters, or imitates observed behavior rather than preserving unrealized branches.",The observed outcome is enough to supervise the model.,"Contact mode support, embodiment limits, and deployment perturbations.","Branch collapse, hidden-mode shift, and tail-risk planning failures.",Generic world models and generic uncertainty are crowded.,Cross embodiment force vocabularies keeps action-critical alternatives explicit until a physical observation collapses them.
25,doi:10.1109/icar65334.2025.11338657,MMVLA-EXT: Multi-Modal Vision-Language-Action Model with Efficient Cross-Platform Task Transfer,2025,2025 IEEE International Conference on Advanced Robotics (ICAR),https://doi.org/10.1109/icar65334.2025.11338657,Addresses cross-embodiment robot policy transfer or a neighboring robotics mechanism.,"Prior work usually predicts, ranks, filters, or imitates observed behavior rather than preserving unrealized branches.",The observed outcome is enough to supervise the model.,"Contact mode support, embodiment limits, and deployment perturbations.","Branch collapse, hidden-mode shift, and tail-risk planning failures.",Generic world models and generic uncertainty are crowded.,Cross embodiment force vocabularies keeps action-critical alternatives explicit until a physical observation collapses them.
26,doi:10.1109/mra.2025.3527283,"Human–Humanoid Robots’ Cross-Embodiment Behavior-Skill Transfer Using Decomposed Adversarial Learning From Demonstration: HOTU, a Human–Humanoid Robots’ Skill Transfer Framework",2025,IEEE Robotics & Automation Magazine,https://doi.org/10.1109/mra.2025.3527283,Addresses cross-embodiment robot policy transfer or a neighboring robotics mechanism.,"Prior work usually predicts, ranks, filters, or imitates observed behavior rather than preserving unrealized branches.",The observed outcome is enough to supervise the model.,"Contact mode support, embodiment limits, and deployment perturbations.","Branch collapse, hidden-mode shift, and tail-risk planning failures.",Generic world models and generic uncertainty are crowded.,Cross embodiment force vocabularies keeps action-critical alternatives explicit until a physical observation collapses them.
27,doi:10.1080/19397038.2019.1592261,Diffusion mechanism and effect of mass transfer limitation during the adsorption of CO 2 by polyaspartamide in a packed-bed unit,2020,International Journal of Sustainable Engineering,https://doi.org/10.1080/19397038.2019.1592261,Addresses cross-embodiment robot policy transfer or a neighboring robotics mechanism.,"Prior work usually predicts, ranks, filters, or imitates observed behavior rather than preserving unrealized branches.",The observed outcome is enough to supervise the model.,"Contact mode support, embodiment limits, and deployment perturbations.","Branch collapse, hidden-mode shift, and tail-risk planning failures.",Generic world models and generic uncertainty are crowded.,Cross embodiment force vocabularies keeps action-critical alternatives explicit until a physical observation collapses them.
28,arxiv:2402.19249v3,Mirage: Cross-Embodiment Zero-Shot Policy Transfer with Cross-Painting,2024,arXiv,http://arxiv.org/abs/2402.19249v3,Addresses cross-embodiment robot policy transfer or a neighboring robotics mechanism.,"Prior work usually predicts, ranks, filters, or imitates observed behavior rather than preserving unrealized branches.",The observed outcome is enough to supervise the model.,"Contact mode support, embodiment limits, and deployment perturbations.","Branch collapse, hidden-mode shift, and tail-risk planning failures.",Generic world models and generic uncertainty are crowded.,Cross embodiment force vocabularies keeps action-critical alternatives explicit until a physical observation collapses them.
29,doi:10.1007/s12369-010-0056-9,A Cross-cultural Study: Effect of Robot Appearance and Task,2010,International Journal of Social Robotics,https://doi.org/10.1007/s12369-010-0056-9,Addresses cross-embodiment robot policy transfer or a neighboring robotics mechanism.,"Prior work usually predicts, ranks, filters, or imitates observed behavior rather than preserving unrealized branches.",The observed outcome is enough to supervise the model.,"Contact mode support, embodiment limits, and deployment perturbations.","Branch collapse, hidden-mode shift, and tail-risk planning failures.",Generic world models and generic uncertainty are crowded.,Cross embodiment force vocabularies keeps action-critical alternatives explicit until a physical observation collapses them.
30,doi:10.1016/j.neucom.2022.11.076,A trajectory and force dual-incremental robot skill learning and generalization framework using improved dynamical movement primitives and adaptive neural network control,2023,Neurocomputing,https://doi.org/10.1016/j.neucom.2022.11.076,Addresses cross-embodiment robot policy transfer or a neighboring robotics mechanism.,"Prior work usually predicts, ranks, filters, or imitates observed behavior rather than preserving unrealized branches.",The observed outcome is enough to supervise the model.,"Contact mode support, embodiment limits, and deployment perturbations.","Branch collapse, hidden-mode shift, and tail-risk planning failures.",Generic world models and generic uncertainty are crowded.,Cross embodiment force vocabularies keeps action-critical alternatives explicit until a physical observation collapses them.
31,arxiv:2503.06227v1,GAT-Grasp: Gesture-Driven Affordance Transfer for Task-Aware Robotic Grasping,2025,arXiv,http://arxiv.org/abs/2503.06227v1,Addresses cross-embodiment robot policy transfer or a neighboring robotics mechanism.,"Prior work usually predicts, ranks, filters, or imitates observed behavior rather than preserving unrealized branches.",The observed outcome is enough to supervise the model.,"Contact mode support, embodiment limits, and deployment perturbations.","Branch collapse, hidden-mode shift, and tail-risk planning failures.",Generic world models and generic uncertainty are crowded.,Cross embodiment force vocabularies keeps action-critical alternatives explicit until a physical observation collapses them.
32,doi:10.1017/s0263574722001230,Zero-shot sim-to-real transfer of reinforcement learning framework for robotics manipulation with demonstration and force feedback,2023,Robotica,https://doi.org/10.1017/s0263574722001230,Addresses cross-embodiment robot policy transfer or a neighboring robotics mechanism.,"Prior work usually predicts, ranks, filters, or imitates observed behavior rather than preserving unrealized branches.",The observed outcome is enough to supervise the model.,"Contact mode support, embodiment limits, and deployment perturbations.","Branch collapse, hidden-mode shift, and tail-risk planning failures.",Generic world models and generic uncertainty are crowded.,Cross embodiment force vocabularies keeps action-critical alternatives explicit until a physical observation collapses them.
33,doi:10.1609/aaai.v29i1.9631,Unsupervised Cross-Domain Transfer in Policy Gradient Reinforcement Learning via Manifold Alignment,2015,Proceedings of the AAAI Conference on Artificial Intelligence,https://doi.org/10.1609/aaai.v29i1.9631,Addresses cross-embodiment robot policy transfer or a neighboring robotics mechanism.,"Prior work usually predicts, ranks, filters, or imitates observed behavior rather than preserving unrealized branches.",The observed outcome is enough to supervise the model.,"Contact mode support, embodiment limits, and deployment perturbations.","Branch collapse, hidden-mode shift, and tail-risk planning failures.",Generic world models and generic uncertainty are crowded.,Cross embodiment force vocabularies keeps action-critical alternatives explicit until a physical observation collapses them.
34,doi:10.3390/s25185630,Human–Robot Variable-Impedance Skill Transfer Learning Based on Dynamic Movement Primitives and a Vision System,2025,Sensors,https://doi.org/10.3390/s25185630,Addresses cross-embodiment robot policy transfer or a neighboring robotics mechanism.,"Prior work usually predicts, ranks, filters, or imitates observed behavior rather than preserving unrealized branches.",The observed outcome is enough to supervise the model.,"Contact mode support, embodiment limits, and deployment perturbations.","Branch collapse, hidden-mode shift, and tail-risk planning failures.",Generic world models and generic uncertainty are crowded.,Cross embodiment force vocabularies keeps action-critical alternatives explicit until a physical observation collapses them.
35,doi:10.3390/lubricants13120545,Physics-Informed Transfer Learning for Predicting Engine Oil Degradation and RUL Across Heterogeneous Heavy-Duty Equipment Fleets,2025,Lubricants,https://doi.org/10.3390/lubricants13120545,Addresses cross-embodiment robot policy transfer or a neighboring robotics mechanism.,"Prior work usually predicts, ranks, filters, or imitates observed behavior rather than preserving unrealized branches.",The observed outcome is enough to supervise the model.,"Contact mode support, embodiment limits, and deployment perturbations.","Branch collapse, hidden-mode shift, and tail-risk planning failures.",Generic world models and generic uncertainty are crowded.,Cross embodiment force vocabularies keeps action-critical alternatives explicit until a physical observation collapses them.
36,doi:10.1109/icra57147.2024.10611110,Cross Domain Policy Transfer with Effect Cycle-Consistency,2024,2024 IEEE International Conference on Robotics and Automation (ICRA),https://doi.org/10.1109/icra57147.2024.10611110,Addresses cross-embodiment robot policy transfer or a neighboring robotics mechanism.,"Prior work usually predicts, ranks, filters, or imitates observed behavior rather than preserving unrealized branches.",The observed outcome is enough to supervise the model.,"Contact mode support, embodiment limits, and deployment perturbations.","Branch collapse, hidden-mode shift, and tail-risk planning failures.",Generic world models and generic uncertainty are crowded.,Cross embodiment force vocabularies keeps action-critical alternatives explicit until a physical observation collapses them.
37,doi:10.3390/electronics13193898,Learn Then Adapt: A Novel Test-Time Adaptation Method for Cross-Domain Fault Diagnosis of Rolling Bearings,2024,Electronics,https://doi.org/10.3390/electronics13193898,Addresses cross-embodiment robot policy transfer or a neighboring robotics mechanism.,"Prior work usually predicts, ranks, filters, or imitates observed behavior rather than preserving unrealized branches.",The observed outcome is enough to supervise the model.,"Contact mode support, embodiment limits, and deployment perturbations.","Branch collapse, hidden-mode shift, and tail-risk planning failures.",Generic world models and generic uncertainty are crowded.,Cross embodiment force vocabularies keeps action-critical alternatives explicit until a physical observation collapses them.
38,arxiv:2410.18835v1,Diffusion for Multi-Embodiment Grasping,2024,arXiv,http://arxiv.org/abs/2410.18835v1,Addresses cross-embodiment robot policy transfer or a neighboring robotics mechanism.,"Prior work usually predicts, ranks, filters, or imitates observed behavior rather than preserving unrealized branches.",The observed outcome is enough to supervise the model.,"Contact mode support, embodiment limits, and deployment perturbations.","Branch collapse, hidden-mode shift, and tail-risk planning failures.",Generic world models and generic uncertainty are crowded.,Cross embodiment force vocabularies keeps action-critical alternatives explicit until a physical observation collapses them.
39,doi:10.1016/j.robot.2021.103872,Domain adversarial transfer for cross-domain and task-constrained grasp pose detection,2021,Robotics and Autonomous Systems,https://doi.org/10.1016/j.robot.2021.103872,Addresses cross-embodiment robot policy transfer or a neighboring robotics mechanism.,"Prior work usually predicts, ranks, filters, or imitates observed behavior rather than preserving unrealized branches.",The observed outcome is enough to supervise the model.,"Contact mode support, embodiment limits, and deployment perturbations.","Branch collapse, hidden-mode shift, and tail-risk planning failures.",Generic world models and generic uncertainty are crowded.,Cross embodiment force vocabularies keeps action-critical alternatives explicit until a physical observation collapses them.
40,arxiv:2508.19002v1,HuBE: Cross-Embodiment Human-like Behavior Execution for Humanoid Robots,2025,arXiv,http://arxiv.org/abs/2508.19002v1,Addresses cross-embodiment robot policy transfer or a neighboring robotics mechanism.,"Prior work usually predicts, ranks, filters, or imitates observed behavior rather than preserving unrealized branches.",The observed outcome is enough to supervise the model.,"Contact mode support, embodiment limits, and deployment perturbations.","Branch collapse, hidden-mode shift, and tail-risk planning failures.",Generic world models and generic uncertainty are crowded.,Cross embodiment force vocabularies keeps action-critical alternatives explicit until a physical observation collapses them.
41,doi:10.3390/sym18030394,PI-VLA: Adaptive Symmetry-Aware Decision-Making for Long-Horizon Vision–Language–Action Manipulation,2026,Symmetry,https://doi.org/10.3390/sym18030394,Addresses cross-embodiment robot policy transfer or a neighboring robotics mechanism.,"Prior work usually predicts, ranks, filters, or imitates observed behavior rather than preserving unrealized branches.",The observed outcome is enough to supervise the model.,"Contact mode support, embodiment limits, and deployment perturbations.","Branch collapse, hidden-mode shift, and tail-risk planning failures.",Generic world models and generic uncertainty are crowded.,Cross embodiment force vocabularies keeps action-critical alternatives explicit until a physical observation collapses them.
42,doi:10.1145/3240508.3240578,Emotion Recognition in Speech using Cross-Modal Transfer in the Wild,2018,,https://doi.org/10.1145/3240508.3240578,Addresses cross-embodiment robot policy transfer or a neighboring robotics mechanism.,"Prior work usually predicts, ranks, filters, or imitates observed behavior rather than preserving unrealized branches.",The observed outcome is enough to supervise the model.,"Contact mode support, embodiment limits, and deployment perturbations.","Branch collapse, hidden-mode shift, and tail-risk planning failures.",Generic world models and generic uncertainty are crowded.,Cross embodiment force vocabularies keeps action-critical alternatives explicit until a physical observation collapses them.
43,doi:10.1016/j.jobe.2025.113341,Transfer learning for cross-building forecasting of building energy and indoor air temperature in model predictive control applications,2025,Journal of Building Engineering,https://doi.org/10.1016/j.jobe.2025.113341,Addresses cross-embodiment robot policy transfer or a neighboring robotics mechanism.,"Prior work usually predicts, ranks, filters, or imitates observed behavior rather than preserving unrealized branches.",The observed outcome is enough to supervise the model.,"Contact mode support, embodiment limits, and deployment perturbations.","Branch collapse, hidden-mode shift, and tail-risk planning failures.",Generic world models and generic uncertainty are crowded.,Cross embodiment force vocabularies keeps action-critical alternatives explicit until a physical observation collapses them.
44,arxiv:2303.04569v1,Safe Machine-Learning-supported Model Predictive Force and Motion Control in Robotics,2023,arXiv,http://arxiv.org/abs/2303.04569v1,Addresses cross-embodiment robot policy transfer or a neighboring robotics mechanism.,"Prior work usually predicts, ranks, filters, or imitates observed behavior rather than preserving unrealized branches.",The observed outcome is enough to supervise the model.,"Contact mode support, embodiment limits, and deployment perturbations.","Branch collapse, hidden-mode shift, and tail-risk planning failures.",Generic world models and generic uncertainty are crowded.,Cross embodiment force vocabularies keeps action-critical alternatives explicit until a physical observation collapses them.
45,doi:10.1016/j.engfailanal.2023.107573,Study on cross-scale temperature effect and damage failure evolution constitutive model of phthalazine ether sulfone ketone,2023,Engineering Failure Analysis,https://doi.org/10.1016/j.engfailanal.2023.107573,Addresses cross-embodiment robot policy transfer or a neighboring robotics mechanism.,"Prior work usually predicts, ranks, filters, or imitates observed behavior rather than preserving unrealized branches.",The observed outcome is enough to supervise the model.,"Contact mode support, embodiment limits, and deployment perturbations.","Branch collapse, hidden-mode shift, and tail-risk planning failures.",Generic world models and generic uncertainty are crowded.,Cross embodiment force vocabularies keeps action-critical alternatives explicit until a physical observation collapses them.
46,arxiv:2407.16912v1,Cross-Domain Policy Transfer by Representation Alignment via Multi-Domain Behavioral Cloning,2024,arXiv,http://arxiv.org/abs/2407.16912v1,Addresses cross-embodiment robot policy transfer or a neighboring robotics mechanism.,"Prior work usually predicts, ranks, filters, or imitates observed behavior rather than preserving unrealized branches.",The observed outcome is enough to supervise the model.,"Contact mode support, embodiment limits, and deployment perturbations.","Branch collapse, hidden-mode shift, and tail-risk planning failures.",Generic world models and generic uncertainty are crowded.,Cross embodiment force vocabularies keeps action-critical alternatives explicit until a physical observation collapses them.
47,doi:10.3390/s25134164,Fault Detection of Cyber-Physical Systems Using a Transfer Learning Method Based on Pre-Trained Transformers,2025,Sensors,https://doi.org/10.3390/s25134164,Addresses cross-embodiment robot policy transfer or a neighboring robotics mechanism.,"Prior work usually predicts, ranks, filters, or imitates observed behavior rather than preserving unrealized branches.",The observed outcome is enough to supervise the model.,"Contact mode support, embodiment limits, and deployment perturbations.","Branch collapse, hidden-mode shift, and tail-risk planning failures.",Generic world models and generic uncertainty are crowded.,Cross embodiment force vocabularies keeps action-critical alternatives explicit until a physical observation collapses them.
48,doi:10.1177/0885412210386229,Statistical Approaches to Testing the Relationships of the Built Environment with Resident-Level Physical Activity Behavior and Health Outcomes in Cross-Sectional Studies with Cluster Sampling,2011,Journal of Planning Literature,https://doi.org/10.1177/0885412210386229,Addresses cross-embodiment robot policy transfer or a neighboring robotics mechanism.,"Prior work usually predicts, ranks, filters, or imitates observed behavior rather than preserving unrealized branches.",The observed outcome is enough to supervise the model.,"Contact mode support, embodiment limits, and deployment perturbations.","Branch collapse, hidden-mode shift, and tail-risk planning failures.",Generic world models and generic uncertainty are crowded.,Cross embodiment force vocabularies keeps action-critical alternatives explicit until a physical observation collapses them.
49,doi:10.1007/978-3-031-21090-7_28,Automatic Cross-domain Task Plan Transfer by Caching Abstract Skills,2023,Springer Proceedings in Advanced Robotics Algorithmic Foundations of Robotics XV,https://doi.org/10.1007/978-3-031-21090-7_28,Addresses cross-embodiment robot policy transfer or a neighboring robotics mechanism.,"Prior work usually predicts, ranks, filters, or imitates observed behavior rather than preserving unrealized branches.",The observed outcome is enough to supervise the model.,"Contact mode support, embodiment limits, and deployment perturbations.","Branch collapse, hidden-mode shift, and tail-risk planning failures.",Generic world models and generic uncertainty are crowded.,Cross embodiment force vocabularies keeps action-critical alternatives explicit until a physical observation collapses them.
50,doi:10.3390/s25134096,Cross-Modal Data Fusion via Vision-Language Model for Crop Disease Recognition,2025,Sensors,https://doi.org/10.3390/s25134096,Addresses cross-embodiment robot policy transfer or a neighboring robotics mechanism.,"Prior work usually predicts, ranks, filters, or imitates observed behavior rather than preserving unrealized branches.",The observed outcome is enough to supervise the model.,"Contact mode support, embodiment limits, and deployment perturbations.","Branch collapse, hidden-mode shift, and tail-risk planning failures.",Generic world models and generic uncertainty are crowded.,Cross embodiment force vocabularies keeps action-critical alternatives explicit until a physical observation collapses them.
51,doi:10.2139/ssrn.6915199,CM-VLA: Camera-Space-Guided Mixture-of-Experts Policy for Few-shot Cross-Embodiment Transfer,,,https://doi.org/10.2139/ssrn.6915199,Addresses cross-embodiment robot policy transfer or a neighboring robotics mechanism.,"Prior work usually predicts, ranks, filters, or imitates observed behavior rather than preserving unrealized branches.",The observed outcome is enough to supervise the model.,"Contact mode support, embodiment limits, and deployment perturbations.","Branch collapse, hidden-mode shift, and tail-risk planning failures.",Generic world models and generic uncertainty are crowded.,Cross embodiment force vocabularies keeps action-critical alternatives explicit until a physical observation collapses them.
52,doi:10.54254/2755-2721/2025.ast27134,Integrating Motion Planning in Vision Language Action Agents,2025,Applied and Computational Engineering,https://doi.org/10.54254/2755-2721/2025.ast27134,Addresses cross-embodiment robot policy transfer or a neighboring robotics mechanism.,"Prior work usually predicts, ranks, filters, or imitates observed behavior rather than preserving unrealized branches.",The observed outcome is enough to supervise the model.,"Contact mode support, embodiment limits, and deployment perturbations.","Branch collapse, hidden-mode shift, and tail-risk planning failures.",Generic world models and generic uncertainty are crowded.,Cross embodiment force vocabularies keeps action-critical alternatives explicit until a physical observation collapses them.
53,arxiv:2605.30280v2,"Qwen-VLA: Unifying Vision-Language-Action Modeling across Tasks, Environments, and Robot Embodiments",2026,arXiv,http://arxiv.org/abs/2605.30280v2,Addresses cross-embodiment robot policy transfer or a neighboring robotics mechanism.,"Prior work usually predicts, ranks, filters, or imitates observed behavior rather than preserving unrealized branches.",The observed outcome is enough to supervise the model.,"Contact mode support, embodiment limits, and deployment perturbations.","Branch collapse, hidden-mode shift, and tail-risk planning failures.",Generic world models and generic uncertainty are crowded.,Cross embodiment force vocabularies keeps action-critical alternatives explicit until a physical observation collapses them.
54,doi:10.1016/j.knosys.2024.112293,Customer service chatbot enhancement with attention-based transfer learning,2024,Knowledge-Based Systems,https://doi.org/10.1016/j.knosys.2024.112293,Addresses cross-embodiment robot policy transfer or a neighboring robotics mechanism.,"Prior work usually predicts, ranks, filters, or imitates observed behavior rather than preserving unrealized branches.",The observed outcome is enough to supervise the model.,"Contact mode support, embodiment limits, and deployment perturbations.","Branch collapse, hidden-mode shift, and tail-risk planning failures.",Generic world models and generic uncertainty are crowded.,Cross embodiment force vocabularies keeps action-critical alternatives explicit until a physical observation collapses them.
55,doi:10.1145/3236024.3236074,Learning to sample: exploiting similarities across environments to learn performance models for configurable systems,2018,,https://doi.org/10.1145/3236024.3236074,Addresses cross-embodiment robot policy transfer or a neighboring robotics mechanism.,"Prior work usually predicts, ranks, filters, or imitates observed behavior rather than preserving unrealized branches.",The observed outcome is enough to supervise the model.,"Contact mode support, embodiment limits, and deployment perturbations.","Branch collapse, hidden-mode shift, and tail-risk planning failures.",Generic world models and generic uncertainty are crowded.,Cross embodiment force vocabularies keeps action-critical alternatives explicit until a physical observation collapses them.
56,doi:10.1007/s12369-022-00917-7,A Cross-Cultural Comparison on Implicit and Explicit Attitudes Towards Artificial Agents,2023,International Journal of Social Robotics,https://doi.org/10.1007/s12369-022-00917-7,Addresses cross-embodiment robot policy transfer or a neighboring robotics mechanism.,"Prior work usually predicts, ranks, filters, or imitates observed behavior rather than preserving unrealized branches.",The observed outcome is enough to supervise the model.,"Contact mode support, embodiment limits, and deployment perturbations.","Branch collapse, hidden-mode shift, and tail-risk planning failures.",Generic world models and generic uncertainty are crowded.,Cross embodiment force vocabularies keeps action-critical alternatives explicit until a physical observation collapses them.
57,doi:10.1109/tcds.2020.2968056,A Framework of Hybrid Force/Motion Skills Learning for Robots,2020,IEEE Transactions on Cognitive and Developmental Systems,https://doi.org/10.1109/tcds.2020.2968056,Addresses cross-embodiment robot policy transfer or a neighboring robotics mechanism.,"Prior work usually predicts, ranks, filters, or imitates observed behavior rather than preserving unrealized branches.",The observed outcome is enough to supervise the model.,"Contact mode support, embodiment limits, and deployment perturbations.","Branch collapse, hidden-mode shift, and tail-risk planning failures.",Generic world models and generic uncertainty are crowded.,Cross embodiment force vocabularies keeps action-critical alternatives explicit until a physical observation collapses them.
58,arxiv:2410.01702v4,"$\mathcal{D(R,O)}$ Grasp: A Unified Representation of Robot and Object Interaction for Cross-Embodiment Dexterous Grasping",2024,arXiv,http://arxiv.org/abs/2410.01702v4,Addresses cross-embodiment robot policy transfer or a neighboring robotics mechanism.,"Prior work usually predicts, ranks, filters, or imitates observed behavior rather than preserving unrealized branches.",The observed outcome is enough to supervise the model.,"Contact mode support, embodiment limits, and deployment perturbations.","Branch collapse, hidden-mode shift, and tail-risk planning failures.",Generic world models and generic uncertainty are crowded.,Cross embodiment force vocabularies keeps action-critical alternatives explicit until a physical observation collapses them.
59,doi:10.1371/journal.pone.0335775,Benchmarking large-language-model vision capabilities in oral and maxillofacial anatomy: A cross-sectional study,2025,PLOS One,https://doi.org/10.1371/journal.pone.0335775,Addresses cross-embodiment robot policy transfer or a neighboring robotics mechanism.,"Prior work usually predicts, ranks, filters, or imitates observed behavior rather than preserving unrealized branches.",The observed outcome is enough to supervise the model.,"Contact mode support, embodiment limits, and deployment perturbations.","Branch collapse, hidden-mode shift, and tail-risk planning failures.",Generic world models and generic uncertainty are crowded.,Cross embodiment force vocabularies keeps action-critical alternatives explicit until a physical observation collapses them.
60,doi:10.20944/preprints202606.0008.v1,Hallucination Mitigation in Large Language Model-Based Tool Recommendation: A Cross-Provider Architectural Ablation Study Across Two Model Generations,,,https://doi.org/10.20944/preprints202606.0008.v1,Addresses cross-embodiment robot policy transfer or a neighboring robotics mechanism.,"Prior work usually predicts, ranks, filters, or imitates observed behavior rather than preserving unrealized branches.",The observed outcome is enough to supervise the model.,"Contact mode support, embodiment limits, and deployment perturbations.","Branch collapse, hidden-mode shift, and tail-risk planning failures.",Generic world models and generic uncertainty are crowded.,Cross embodiment force vocabularies keeps action-critical alternatives explicit until a physical observation collapses them.
61,doi:10.1177/17298806221121070,Fault-tolerant motion planning for a hexapod robot with single-leg failure using a foot force control method,2022,International Journal of Advanced Robotic Systems,https://doi.org/10.1177/17298806221121070,Addresses cross-embodiment robot policy transfer or a neighboring robotics mechanism.,"Prior work usually predicts, ranks, filters, or imitates observed behavior rather than preserving unrealized branches.",The observed outcome is enough to supervise the model.,"Contact mode support, embodiment limits, and deployment perturbations.","Branch collapse, hidden-mode shift, and tail-risk planning failures.",Generic world models and generic uncertainty are crowded.,Cross embodiment force vocabularies keeps action-critical alternatives explicit until a physical observation collapses them.
62,arxiv:2503.08622v1,Cross-Embodiment Robotic Manipulation Synthesis via Guided Demonstrations through CycleVAE and Human Behavior Transformer,2025,arXiv,http://arxiv.org/abs/2503.08622v1,Addresses cross-embodiment robot policy transfer or a neighboring robotics mechanism.,"Prior work usually predicts, ranks, filters, or imitates observed behavior rather than preserving unrealized branches.",The observed outcome is enough to supervise the model.,"Contact mode support, embodiment limits, and deployment perturbations.","Branch collapse, hidden-mode shift, and tail-risk planning failures.",Generic world models and generic uncertainty are crowded.,Cross embodiment force vocabularies keeps action-critical alternatives explicit until a physical observation collapses them.
63,arxiv:2509.10952v1,ImMimic: Cross-Domain Imitation from Human Videos via Mapping and Interpolation,2025,arXiv,http://arxiv.org/abs/2509.10952v1,Addresses cross-embodiment robot policy transfer or a neighboring robotics mechanism.,"Prior work usually predicts, ranks, filters, or imitates observed behavior rather than preserving unrealized branches.",The observed outcome is enough to supervise the model.,"Contact mode support, embodiment limits, and deployment perturbations.","Branch collapse, hidden-mode shift, and tail-risk planning failures.",Generic world models and generic uncertainty are crowded.,Cross embodiment force vocabularies keeps action-critical alternatives explicit until a physical observation collapses them.
64,arxiv:2603.15169v1,ForceVLA2: Unleashing Hybrid Force-Position Control with Force Awareness for Contact-Rich Manipulation,2026,arXiv,http://arxiv.org/abs/2603.15169v1,Addresses cross-embodiment robot policy transfer or a neighboring robotics mechanism.,"Prior work usually predicts, ranks, filters, or imitates observed behavior rather than preserving unrealized branches.",The observed outcome is enough to supervise the model.,"Contact mode support, embodiment limits, and deployment perturbations.","Branch collapse, hidden-mode shift, and tail-risk planning failures.",Generic world models and generic uncertainty are crowded.,Cross embodiment force vocabularies keeps action-critical alternatives explicit until a physical observation collapses them.
65,doi:10.1109/iros47612.2022.9982205,Learning High Speed Precision Table Tennis on a Physical Robot,2022,2022 IEEE/RSJ International Conference on Intelligent Robots and Systems (IROS),https://doi.org/10.1109/iros47612.2022.9982205,Addresses cross-embodiment robot policy transfer or a neighboring robotics mechanism.,"Prior work usually predicts, ranks, filters, or imitates observed behavior rather than preserving unrealized branches.",The observed outcome is enough to supervise the model.,"Contact mode support, embodiment limits, and deployment perturbations.","Branch collapse, hidden-mode shift, and tail-risk planning failures.",Generic world models and generic uncertainty are crowded.,Cross embodiment force vocabularies keeps action-critical alternatives explicit until a physical observation collapses them.
66,doi:10.3389/fpsyg.2021.625713,Robot Authority in Human-Robot Teaming: Effects of Human-Likeness and Physical Embodiment on Compliance,2021,Frontiers in Psychology,https://doi.org/10.3389/fpsyg.2021.625713,Addresses cross-embodiment robot policy transfer or a neighboring robotics mechanism.,"Prior work usually predicts, ranks, filters, or imitates observed behavior rather than preserving unrealized branches.",The observed outcome is enough to supervise the model.,"Contact mode support, embodiment limits, and deployment perturbations.","Branch collapse, hidden-mode shift, and tail-risk planning failures.",Generic world models and generic uncertainty are crowded.,Cross embodiment force vocabularies keeps action-critical alternatives explicit until a physical observation collapses them.
67,doi:10.1109/tsmc.2022.3229213,MARL Sim2real Transfer: Merging Physical Reality With Digital Virtuality in Metaverse,2022,IEEE Transactions on Systems Man and Cybernetics Systems,https://doi.org/10.1109/tsmc.2022.3229213,Addresses cross-embodiment robot policy transfer or a neighboring robotics mechanism.,"Prior work usually predicts, ranks, filters, or imitates observed behavior rather than preserving unrealized branches.",The observed outcome is enough to supervise the model.,"Contact mode support, embodiment limits, and deployment perturbations.","Branch collapse, hidden-mode shift, and tail-risk planning failures.",Generic world models and generic uncertainty are crowded.,Cross embodiment force vocabularies keeps action-critical alternatives explicit until a physical observation collapses them.
68,doi:10.1109/icra40945.2020.9196593,Arm-hand motion-force coordination for physical interactions with non-flat surfaces using dynamical systems: Toward compliant robotic massage,2020,2020 IEEE International Conference on Robotics and Automation (ICRA),https://doi.org/10.1109/icra40945.2020.9196593,Addresses cross-embodiment robot policy transfer or a neighboring robotics mechanism.,"Prior work usually predicts, ranks, filters, or imitates observed behavior rather than preserving unrealized branches.",The observed outcome is enough to supervise the model.,"Contact mode support, embodiment limits, and deployment perturbations.","Branch collapse, hidden-mode shift, and tail-risk planning failures.",Generic world models and generic uncertainty are crowded.,Cross embodiment force vocabularies keeps action-critical alternatives explicit until a physical observation collapses them.
69,doi:10.70102/afts.2026.1835.221,CROSS DOMAIN LATENT SPACE ALIGNMENT FOR ZERO SHOT KNOWLEDGE TRANSFER IN LARGE SCALE NEURO SYMBOLIC FOUNDATION MODELS,2026,Archives for Technical Sciences,https://doi.org/10.70102/afts.2026.1835.221,Addresses cross-embodiment robot policy transfer or a neighboring robotics mechanism.,"Prior work usually predicts, ranks, filters, or imitates observed behavior rather than preserving unrealized branches.",The observed outcome is enough to supervise the model.,"Contact mode support, embodiment limits, and deployment perturbations.","Branch collapse, hidden-mode shift, and tail-risk planning failures.",Generic world models and generic uncertainty are crowded.,Cross embodiment force vocabularies keeps action-critical alternatives explicit until a physical observation collapses them.
70,doi:10.1142/s0219686728500011,Visual-Haptic Fusion for Contact-Rich Robot Skill Transfer via Diffusion Models,2026,Journal of Advanced Manufacturing Systems,https://doi.org/10.1142/s0219686728500011,Addresses cross-embodiment robot policy transfer or a neighboring robotics mechanism.,"Prior work usually predicts, ranks, filters, or imitates observed behavior rather than preserving unrealized branches.",The observed outcome is enough to supervise the model.,"Contact mode support, embodiment limits, and deployment perturbations.","Branch collapse, hidden-mode shift, and tail-risk planning failures.",Generic world models and generic uncertainty are crowded.,Cross embodiment force vocabularies keeps action-critical alternatives explicit until a physical observation collapses them.
71,doi:10.56028/aetr.15.1.1423.2025,RT-2: Vision-Language-Action Models for Generalizable Robotic Control: A Comprehensive Review,2025,Advances in Engineering Technology Research,https://doi.org/10.56028/aetr.15.1.1423.2025,Addresses cross-embodiment robot policy transfer or a neighboring robotics mechanism.,"Prior work usually predicts, ranks, filters, or imitates observed behavior rather than preserving unrealized branches.",The observed outcome is enough to supervise the model.,"Contact mode support, embodiment limits, and deployment perturbations.","Branch collapse, hidden-mode shift, and tail-risk planning failures.",Generic world models and generic uncertainty are crowded.,Cross embodiment force vocabularies keeps action-critical alternatives explicit until a physical observation collapses them.
72,doi:10.1016/j.jnnfm.2006.01.009,Effect of viscous dissipation on heat transfer in a non-Newtonian liquid film over an unsteady stretching sheet,2006,Journal of Non-Newtonian Fluid Mechanics,https://doi.org/10.1016/j.jnnfm.2006.01.009,Addresses cross-embodiment robot policy transfer or a neighboring robotics mechanism.,"Prior work usually predicts, ranks, filters, or imitates observed behavior rather than preserving unrealized branches.",The observed outcome is enough to supervise the model.,"Contact mode support, embodiment limits, and deployment perturbations.","Branch collapse, hidden-mode shift, and tail-risk planning failures.",Generic world models and generic uncertainty are crowded.,Cross embodiment force vocabularies keeps action-critical alternatives explicit until a physical observation collapses them.
73,doi:10.1109/tse.2021.3116768,Transfer Learning Across Variants and Versions: The Case of Linux Kernel Size,2021,IEEE Transactions on Software Engineering,https://doi.org/10.1109/tse.2021.3116768,Addresses cross-embodiment robot policy transfer or a neighboring robotics mechanism.,"Prior work usually predicts, ranks, filters, or imitates observed behavior rather than preserving unrealized branches.",The observed outcome is enough to supervise the model.,"Contact mode support, embodiment limits, and deployment perturbations.","Branch collapse, hidden-mode shift, and tail-risk planning failures.",Generic world models and generic uncertainty are crowded.,Cross embodiment force vocabularies keeps action-critical alternatives explicit until a physical observation collapses them.
74,doi:10.31399/asm.cp.istfa2023p0109,Backside Analysis Strategy to Identify a Package Related Failure Mode at an Automotive Magnetic Sensor Device,2023,International Symposium for Testing and Failure Analysis ISTFA 2023: Conference Proceedings from the 49th International Symposium for Testing and Failure Analysis,https://doi.org/10.31399/asm.cp.istfa2023p0109,Addresses cross-embodiment robot policy transfer or a neighboring robotics mechanism.,"Prior work usually predicts, ranks, filters, or imitates observed behavior rather than preserving unrealized branches.",The observed outcome is enough to supervise the model.,"Contact mode support, embodiment limits, and deployment perturbations.","Branch collapse, hidden-mode shift, and tail-risk planning failures.",Generic world models and generic uncertainty are crowded.,Cross embodiment force vocabularies keeps action-critical alternatives explicit until a physical observation collapses them.
75,doi:10.1177/02783649231201196,Dynamic movement primitives in robotics: A tutorial survey,2023,The International Journal of Robotics Research,https://doi.org/10.1177/02783649231201196,Addresses cross-embodiment robot policy transfer or a neighboring robotics mechanism.,"Prior work usually predicts, ranks, filters, or imitates observed behavior rather than preserving unrealized branches.",The observed outcome is enough to supervise the model.,"Contact mode support, embodiment limits, and deployment perturbations.","Branch collapse, hidden-mode shift, and tail-risk planning failures.",Generic world models and generic uncertainty are crowded.,Cross embodiment force vocabularies keeps action-critical alternatives explicit until a physical observation collapses them.
76,doi:10.1088/1742-6596/1171/1/012012,"The effect of optimization learning resource based on Planning, Organizing, Actuating, Controlling (POAC) on contextual learning to students’ conceptual understanding of motion and force material",2019,Journal of Physics: Conference Series,https://doi.org/10.1088/1742-6596/1171/1/012012,Addresses cross-embodiment robot policy transfer or a neighboring robotics mechanism.,"Prior work usually predicts, ranks, filters, or imitates observed behavior rather than preserving unrealized branches.",The observed outcome is enough to supervise the model.,"Contact mode support, embodiment limits, and deployment perturbations.","Branch collapse, hidden-mode shift, and tail-risk planning failures.",Generic world models and generic uncertainty are crowded.,Cross embodiment force vocabularies keeps action-critical alternatives explicit until a physical observation collapses them.
77,doi:10.1007/978-981-10-6002-1_13,Crack Effect on Rotors Using Mode-I Failure Model with Transfer Matrix Approach,2018,"Lecture Notes in Mechanical Engineering Proceedings of Fatigue, Durability and Fracture Mechanics",https://doi.org/10.1007/978-981-10-6002-1_13,Addresses cross-embodiment robot policy transfer or a neighboring robotics mechanism.,"Prior work usually predicts, ranks, filters, or imitates observed behavior rather than preserving unrealized branches.",The observed outcome is enough to supervise the model.,"Contact mode support, embodiment limits, and deployment perturbations.","Branch collapse, hidden-mode shift, and tail-risk planning failures.",Generic world models and generic uncertainty are crowded.,Cross embodiment force vocabularies keeps action-critical alternatives explicit until a physical observation collapses them.
78,arxiv:2604.07993v2,HEX: Humanoid-Aligned Experts for Cross-Embodiment Whole-Body Manipulation,2026,arXiv,http://arxiv.org/abs/2604.07993v2,Addresses cross-embodiment robot policy transfer or a neighboring robotics mechanism.,"Prior work usually predicts, ranks, filters, or imitates observed behavior rather than preserving unrealized branches.",The observed outcome is enough to supervise the model.,"Contact mode support, embodiment limits, and deployment perturbations.","Branch collapse, hidden-mode shift, and tail-risk planning failures.",Generic world models and generic uncertainty are crowded.,Cross embodiment force vocabularies keeps action-critical alternatives explicit until a physical observation collapses them.
79,arxiv:2512.00797v1,Transforming Monolithic Foundation Models into Embodied Multi-Agent Architectures for Human-Robot Collaboration,2025,arXiv,http://arxiv.org/abs/2512.00797v1,Addresses cross-embodiment robot policy transfer or a neighboring robotics mechanism.,"Prior work usually predicts, ranks, filters, or imitates observed behavior rather than preserving unrealized branches.",The observed outcome is enough to supervise the model.,"Contact mode support, embodiment limits, and deployment perturbations.","Branch collapse, hidden-mode shift, and tail-risk planning failures.",Generic world models and generic uncertainty are crowded.,Cross embodiment force vocabularies keeps action-critical alternatives explicit until a physical observation collapses them.
80,arxiv:2512.13380v1,Universal Dexterous Functional Grasping via Demonstration-Editing Reinforcement Learning,2025,arXiv,http://arxiv.org/abs/2512.13380v1,Addresses cross-embodiment robot policy transfer or a neighboring robotics mechanism.,"Prior work usually predicts, ranks, filters, or imitates observed behavior rather than preserving unrealized branches.",The observed outcome is enough to supervise the model.,"Contact mode support, embodiment limits, and deployment perturbations.","Branch collapse, hidden-mode shift, and tail-risk planning failures.",Generic world models and generic uncertainty are crowded.,Cross embodiment force vocabularies keeps action-critical alternatives explicit until a physical observation collapses them.
81,doi:10.51357/jei.v6i1.314,Cross-evaluation of Large Language Model Assessment Behaviours in Educational Tasks by Cognitive Level,2025,Journal of Educational Informatics,https://doi.org/10.51357/jei.v6i1.314,Addresses cross-embodiment robot policy transfer or a neighboring robotics mechanism.,"Prior work usually predicts, ranks, filters, or imitates observed behavior rather than preserving unrealized branches.",The observed outcome is enough to supervise the model.,"Contact mode support, embodiment limits, and deployment perturbations.","Branch collapse, hidden-mode shift, and tail-risk planning failures.",Generic world models and generic uncertainty are crowded.,Cross embodiment force vocabularies keeps action-critical alternatives explicit until a physical observation collapses them.
82,doi:10.1109/icra40945.2020.9197477,Probabilistic Effect Prediction through Semantic Augmentation and Physical Simulation,2020,2020 IEEE International Conference on Robotics and Automation (ICRA),https://doi.org/10.1109/icra40945.2020.9197477,Addresses cross-embodiment robot policy transfer or a neighboring robotics mechanism.,"Prior work usually predicts, ranks, filters, or imitates observed behavior rather than preserving unrealized branches.",The observed outcome is enough to supervise the model.,"Contact mode support, embodiment limits, and deployment perturbations.","Branch collapse, hidden-mode shift, and tail-risk planning failures.",Generic world models and generic uncertainty are crowded.,Cross embodiment force vocabularies keeps action-critical alternatives explicit until a physical observation collapses them.
83,doi:10.1016/j.jnnfm.2017.02.005,Ink transfer of non-Newtonian fluids from an idealized gravure cell: The effect of shear and extensional deformation,2017,Journal of Non-Newtonian Fluid Mechanics,https://doi.org/10.1016/j.jnnfm.2017.02.005,Addresses cross-embodiment robot policy transfer or a neighboring robotics mechanism.,"Prior work usually predicts, ranks, filters, or imitates observed behavior rather than preserving unrealized branches.",The observed outcome is enough to supervise the model.,"Contact mode support, embodiment limits, and deployment perturbations.","Branch collapse, hidden-mode shift, and tail-risk planning failures.",Generic world models and generic uncertainty are crowded.,Cross embodiment force vocabularies keeps action-critical alternatives explicit until a physical observation collapses them.
84,doi:10.1007/s10514-021-10030-9,User intent estimation during robot learning using physical human robot interaction primitives,2022,Autonomous Robots,https://doi.org/10.1007/s10514-021-10030-9,Addresses cross-embodiment robot policy transfer or a neighboring robotics mechanism.,"Prior work usually predicts, ranks, filters, or imitates observed behavior rather than preserving unrealized branches.",The observed outcome is enough to supervise the model.,"Contact mode support, embodiment limits, and deployment perturbations.","Branch collapse, hidden-mode shift, and tail-risk planning failures.",Generic world models and generic uncertainty are crowded.,Cross embodiment force vocabularies keeps action-critical alternatives explicit until a physical observation collapses them.
85,arxiv:2404.07988v2,QuasiSim: Parameterized Quasi-Physical Simulators for Dexterous Manipulations Transfer,2024,arXiv,http://arxiv.org/abs/2404.07988v2,Addresses cross-embodiment robot policy transfer or a neighboring robotics mechanism.,"Prior work usually predicts, ranks, filters, or imitates observed behavior rather than preserving unrealized branches.",The observed outcome is enough to supervise the model.,"Contact mode support, embodiment limits, and deployment perturbations.","Branch collapse, hidden-mode shift, and tail-risk planning failures.",Generic world models and generic uncertainty are crowded.,Cross embodiment force vocabularies keeps action-critical alternatives explicit until a physical observation collapses them.
86,doi:10.55041/ijsrem54814,Foundation Models for Construction Robotics: Transfer Learning and Vision-Language-Action Integration,2025,International Journal of Scientific Research in Engineering and Management,https://doi.org/10.55041/ijsrem54814,Addresses cross-embodiment robot policy transfer or a neighboring robotics mechanism.,"Prior work usually predicts, ranks, filters, or imitates observed behavior rather than preserving unrealized branches.",The observed outcome is enough to supervise the model.,"Contact mode support, embodiment limits, and deployment perturbations.","Branch collapse, hidden-mode shift, and tail-risk planning failures.",Generic world models and generic uncertainty are crowded.,Cross embodiment force vocabularies keeps action-critical alternatives explicit until a physical observation collapses them.
87,doi:10.1126/scirobotics.aea1822,"From autonomy to alliance: Robotic foundation models must learn with us, not just for us",2026,Science Robotics,https://doi.org/10.1126/scirobotics.aea1822,Addresses cross-embodiment robot policy transfer or a neighboring robotics mechanism.,"Prior work usually predicts, ranks, filters, or imitates observed behavior rather than preserving unrealized branches.",The observed outcome is enough to supervise the model.,"Contact mode support, embodiment limits, and deployment perturbations.","Branch collapse, hidden-mode shift, and tail-risk planning failures.",Generic world models and generic uncertainty are crowded.,Cross embodiment force vocabularies keeps action-critical alternatives explicit until a physical observation collapses them.
88,doi:10.1108/ir-07-2025-0249,Dynamic human-like motion planning method of human–robot collaboration based on movement primitives and double DQN,2025,Industrial Robot: the international journal of robotics research and application,https://doi.org/10.1108/ir-07-2025-0249,Addresses cross-embodiment robot policy transfer or a neighboring robotics mechanism.,"Prior work usually predicts, ranks, filters, or imitates observed behavior rather than preserving unrealized branches.",The observed outcome is enough to supervise the model.,"Contact mode support, embodiment limits, and deployment perturbations.","Branch collapse, hidden-mode shift, and tail-risk planning failures.",Generic world models and generic uncertainty are crowded.,Cross embodiment force vocabularies keeps action-critical alternatives explicit until a physical observation collapses them.
89,doi:10.20944/preprints202511.0283.v1,Explainable Transfer Learning of Cross-Dataset in Visual Scene Segmentation,,,https://doi.org/10.20944/preprints202511.0283.v1,Addresses cross-embodiment robot policy transfer or a neighboring robotics mechanism.,"Prior work usually predicts, ranks, filters, or imitates observed behavior rather than preserving unrealized branches.",The observed outcome is enough to supervise the model.,"Contact mode support, embodiment limits, and deployment perturbations.","Branch collapse, hidden-mode shift, and tail-risk planning failures.",Generic world models and generic uncertainty are crowded.,Cross embodiment force vocabularies keeps action-critical alternatives explicit until a physical observation collapses them.
90,doi:10.1108/ir-06-2025-0222,Generalizable dual-arm fabric folding via parallel multiresolution attention,2026,Industrial Robot: the international journal of robotics research and application,https://doi.org/10.1108/ir-06-2025-0222,Addresses cross-embodiment robot policy transfer or a neighboring robotics mechanism.,"Prior work usually predicts, ranks, filters, or imitates observed behavior rather than preserving unrealized branches.",The observed outcome is enough to supervise the model.,"Contact mode support, embodiment limits, and deployment perturbations.","Branch collapse, hidden-mode shift, and tail-risk planning failures.",Generic world models and generic uncertainty are crowded.,Cross embodiment force vocabularies keeps action-critical alternatives explicit until a physical observation collapses them.
91,doi:10.1016/j.cosust.2019.09.006,Integrated approaches to understanding and reducing drought impact on food security across scales,2019,Current Opinion in Environmental Sustainability,https://doi.org/10.1016/j.cosust.2019.09.006,Addresses cross-embodiment robot policy transfer or a neighboring robotics mechanism.,"Prior work usually predicts, ranks, filters, or imitates observed behavior rather than preserving unrealized branches.",The observed outcome is enough to supervise the model.,"Contact mode support, embodiment limits, and deployment perturbations.","Branch collapse, hidden-mode shift, and tail-risk planning failures.",Generic world models and generic uncertainty are crowded.,Cross embodiment force vocabularies keeps action-critical alternatives explicit until a physical observation collapses them.
92,doi:10.1007/978-3-319-51547-2_12,Physical Interaction via Dynamic Primitives,2017,Springer Tracts in Advanced Robotics Geometric and Numerical Foundations of Movements,https://doi.org/10.1007/978-3-319-51547-2_12,Addresses cross-embodiment robot policy transfer or a neighboring robotics mechanism.,"Prior work usually predicts, ranks, filters, or imitates observed behavior rather than preserving unrealized branches.",The observed outcome is enough to supervise the model.,"Contact mode support, embodiment limits, and deployment perturbations.","Branch collapse, hidden-mode shift, and tail-risk planning failures.",Generic world models and generic uncertainty are crowded.,Cross embodiment force vocabularies keeps action-critical alternatives explicit until a physical observation collapses them.
93,doi:10.3390/electronics14153071,Large Vision Language Model: Enhanced-RSCLIP with Exemplar-Image Prompting for Uncommon Object Detection in Satellite Imagery,2025,Electronics,https://doi.org/10.3390/electronics14153071,Addresses cross-embodiment robot policy transfer or a neighboring robotics mechanism.,"Prior work usually predicts, ranks, filters, or imitates observed behavior rather than preserving unrealized branches.",The observed outcome is enough to supervise the model.,"Contact mode support, embodiment limits, and deployment perturbations.","Branch collapse, hidden-mode shift, and tail-risk planning failures.",Generic world models and generic uncertainty are crowded.,Cross embodiment force vocabularies keeps action-critical alternatives explicit until a physical observation collapses them.
94,doi:10.1115/1.4046068,A Comparative Study on the Effect of Mechanical Compliance for a Safe Physical Human–Robot Interaction,2020,Journal of Mechanical Design,https://doi.org/10.1115/1.4046068,Addresses cross-embodiment robot policy transfer or a neighboring robotics mechanism.,"Prior work usually predicts, ranks, filters, or imitates observed behavior rather than preserving unrealized branches.",The observed outcome is enough to supervise the model.,"Contact mode support, embodiment limits, and deployment perturbations.","Branch collapse, hidden-mode shift, and tail-risk planning failures.",Generic world models and generic uncertainty are crowded.,Cross embodiment force vocabularies keeps action-critical alternatives explicit until a physical observation collapses them.
95,doi:10.7763/ijet.2023.v15.1237,Effect of Object Movement Control for Remote Robot Systems with Force Feedback,2023,International Journal of Engineering and Technology,https://doi.org/10.7763/ijet.2023.v15.1237,Addresses cross-embodiment robot policy transfer or a neighboring robotics mechanism.,"Prior work usually predicts, ranks, filters, or imitates observed behavior rather than preserving unrealized branches.",The observed outcome is enough to supervise the model.,"Contact mode support, embodiment limits, and deployment perturbations.","Branch collapse, hidden-mode shift, and tail-risk planning failures.",Generic world models and generic uncertainty are crowded.,Cross embodiment force vocabularies keeps action-critical alternatives explicit until a physical observation collapses them.
96,doi:10.1016/j.ijnonlinmec.2006.11.011,Physical mechanism of the destabilizing effect of damping in continuous non-conservative dissipative systems,2007,International Journal of Non-Linear Mechanics,https://doi.org/10.1016/j.ijnonlinmec.2006.11.011,Addresses cross-embodiment robot policy transfer or a neighboring robotics mechanism.,"Prior work usually predicts, ranks, filters, or imitates observed behavior rather than preserving unrealized branches.",The observed outcome is enough to supervise the model.,"Contact mode support, embodiment limits, and deployment perturbations.","Branch collapse, hidden-mode shift, and tail-risk planning failures.",Generic world models and generic uncertainty are crowded.,Cross embodiment force vocabularies keeps action-critical alternatives explicit until a physical observation collapses them.
97,doi:10.3390/systems11070348,Failure Mode and Effect Analysis with a Fuzzy Logic Approach,2023,Systems,https://doi.org/10.3390/systems11070348,Addresses cross-embodiment robot policy transfer or a neighboring robotics mechanism.,"Prior work usually predicts, ranks, filters, or imitates observed behavior rather than preserving unrealized branches.",The observed outcome is enough to supervise the model.,"Contact mode support, embodiment limits, and deployment perturbations.","Branch collapse, hidden-mode shift, and tail-risk planning failures.",Generic world models and generic uncertainty are crowded.,Cross embodiment force vocabularies keeps action-critical alternatives explicit until a physical observation collapses them.
98,arxiv:2503.08358v3,DG16M: A Large-Scale Dataset for Dual-Arm Grasping with Force-Optimized Grasps,2025,arXiv,http://arxiv.org/abs/2503.08358v3,Addresses cross-embodiment robot policy transfer or a neighboring robotics mechanism.,"Prior work usually predicts, ranks, filters, or imitates observed behavior rather than preserving unrealized branches.",The observed outcome is enough to supervise the model.,"Contact mode support, embodiment limits, and deployment perturbations.","Branch collapse, hidden-mode shift, and tail-risk planning failures.",Generic world models and generic uncertainty are crowded.,Cross embodiment force vocabularies keeps action-critical alternatives explicit until a physical observation collapses them.
99,arxiv:2603.04463v1,GAIDE: Graph-based Attention Masking for Spatial- and Embodiment-aware Motion Planning,2026,arXiv,http://arxiv.org/abs/2603.04463v1,Addresses cross-embodiment robot policy transfer or a neighboring robotics mechanism.,"Prior work usually predicts, ranks, filters, or imitates observed behavior rather than preserving unrealized branches.",The observed outcome is enough to supervise the model.,"Contact mode support, embodiment limits, and deployment perturbations.","Branch collapse, hidden-mode shift, and tail-risk planning failures.",Generic world models and generic uncertainty are crowded.,Cross embodiment force vocabularies keeps action-critical alternatives explicit until a physical observation collapses them.
100,doi:10.1109/tro.2024.3462932,A Compact 2-DOF Cross-Scale Piezoelectric Robotic Manipulator With Adjustable Force for Biological Delicate Puncture,2024,IEEE Transactions on Robotics,https://doi.org/10.1109/tro.2024.3462932,Addresses cross-embodiment robot policy transfer or a neighboring robotics mechanism.,"Prior work usually predicts, ranks, filters, or imitates observed behavior rather than preserving unrealized branches.",The observed outcome is enough to supervise the model.,"Contact mode support, embodiment limits, and deployment perturbations.","Branch collapse, hidden-mode shift, and tail-risk planning failures.",Generic world models and generic uncertainty are crowded.,Cross embodiment force vocabularies keeps action-critical alternatives explicit until a physical observation collapses them.
